book_code,book_name,author,price,quantity,category_class_code,category_subject_code,sales_start_date,sales_end_date,sales_status,book_img,publisher,discount_price,discount_per,book_info,isbn,contents,publication_date
c03s0141134,뿌리깊은 초등국어 독해력 3단계 (초등34학년),마더텅 편집부,10400,100,c03,s01,2000-01-01,2030-12-31,1,c03s01_1.jpg,마더텅,9360,10,1주 5회 두 달에 완성하는 초등국어 독해력 교재!하루 15분씩 하나의 독해 지문과 독해력을 키워주는 독해 문제 7개를 풀어보세요!처음 초등국어 독해 공부를 시작하는 학생을 위한 재밌고 다양한 지문 수록하고 교과서 수록 작품 및 배경지식으로 알아둘 만한 전래동화 우화 수록하였다. ,9.79E+12,통증이 우리에게 말해주는 것|벌레와 곤충|연극 공연 초대장|바다|고기가 다른 까닭|국어 실력을 올려주는 바른 국어 사용법 - 가려고 갈려고|잡채 만들기가장 빠른 동물들|어린이 태권도 대회항아리|바보 이반,2018-03-05
c03s0157314,뿌리깊은 초등국어 독해력 4단계 (초등34학년),마더텅 편집부,10400,100,c03,s01,2000-01-01,2030-12-31,1,c03s01_2.jpg,마더텅,9360,10,1주 5회 두 달에 완성하는 초등국어 독해력 교재!하루 15분씩 하나의 독해 지문과 독해력을 키워주는 독해 문제 7개를 풀어보세요!처음 초등국어 독해 공부를 시작하는 학생을 위한 재밌고 다양한 지문 수록하고 교과서 수록 작품 및 배경지식으로 알아둘 만한 전래동화 우화 수록하였다.,9.79E+12,순우리말과 외래어|도로명 주소|학습 발표회 안내문|이상 없음| 삼형제와 마법의 사과| 독해에 도움 되는 배경지식 - 별자리| 눈의 결정| 우리는 누구일까요?| 교통사고 예방| 태산이 높다 하되| 어깨에 맨 당나귀|부록 알아두면 낱말 뜻을 짐작하게 해주는 독해 어휘력 한자 - 온도 도 볼 견,2018-04-09
c03s0191602,뿌리깊은 초등국어 독해력 어휘편 3단계 (초등34학년),마더텅 편집부,10400,100,c03,s01,2000-01-01,2030-12-31,1,c03s01_3.jpg,마더텅,9360,10,『뿌리깊은 초등국어 독해력 어휘편 사자성어·속담·관용어』는 하루 15분 초등국어 독해 공부로 어휘까지 공부할 수 있는 초등국어 교재로 표현과 어휘 중심으로 공부한다. 이 교재에 수록된 지문에는 앞으로의 국어 학습에 꼭 필요한 사자성어 관용어 속담을 활용한 구문이 들어가 있다.,9.79E+12,"[속담] 뛰는 놈 위에 나는 놈 있다|[관용어] 눈살을 찌푸리다|[사자성어] 백전백승(百戰百勝)|[속담] 하룻강아지 범 무서운 줄 모른다|[관용어] 낯이 두껍다|부록	십이지|	[사자성어] 시시비비(是是非非)|[속담] 쥐구멍에도 볕 들 날 있다|[관용어] 손을 놓다|[사자성어] 엄동설한(嚴冬雪寒)|[속담] 수박 겉 핥기|부록	손과 관련된 관용 표현",2019-12-02
c03s0195079,빠작 초등 국어 비문학 독해 3단계 (34학년),구주영김보라박혜영송인우이석호,9100,100,c03,s01,2000-01-01,2030-12-31,1,c03s01_4.jpg,동아출판,8190,10,바른 독해법으로 훈련하는 비문학 독해 기본서이다. 지문 독해-지문 분석-어휘 학습의 3단계 독해 훈련으로 구성하였다. 학년별 10개 영역으로 세분화된 지문으로 깊이 있는 독해 학습이 가능하며 다양한 배경지식·어휘를 응용 학습할 수 있다.,9.79E+12,잘못된 높임 표현| ‘감쪽같다’의 유래| 훈민정음의 의미와 창제 정신| 우리말 색채어의 종류와 특징| 고대 문명을 발생시킨 강| 신라 화랑도의 역사적 의의| 만리장성이 지어진 이유와 과정| 고구려를 계승한 발해의 역사| 강화도에 있는 고조선의 유적| 선거의 원칙의 의미와 필요성| 미래 직업을 위한 자세| 귀촌 귀농 현상의 원인과 의의| 생활 속 장애인 편의 시설| 악성 댓글의 심각성과 해결 방안,2021-11-05
c03s0113240,하루 한장 독해 초등 국어 3-1 (2024년용),미래엔 초등 국어 연구회,9100,100,c03,s01,2000-01-01,2030-12-31,1,c03s01_5.jpg,미래엔,8190,10,바른 독해법으로 훈련하는 비문학 독해 기본서이다. 지문 독해-지문 분석-어휘 학습의 3단계 독해 훈련으로 구성하였다. 학년별 11개 영역으로 세분화된 지문으로 깊이 있는 독해 학습이 가능하며 다양한 배경지식·어휘를 응용 학습할 수 있다.,9.79E+12,표지어를 찾으며 읽기 1~5일차| 낱말의 뜻 짐작하며 읽기 6~9일차| 사실과 의견 구별하기 10~13일차|말과 행동을 통해 인물의 성격 파악하기 14~19일차| 글을 읽고 글쓴이의 마음 짐작하기 20~24일차| 문단의 구성 유형 알기 25~30일차| 이야기 구성 요소 알기 31~36일차,2018-01-10
c03s0194407,초등 문해력 한 문장 정리의 힘 기본편 1권,메가스터디 초등국어교육 연구소,8900,100,c03,s01,2000-01-01,2030-12-31,1,c03s01_6.jpg,메가스터디북스,8010,10,바른 독해법으로 훈련하는 비문학 독해 기본서이다. 지문 독해-지문 분석-어휘 학습의 3단계 독해 훈련으로 구성하였다. 학년별 12개 영역으로 세분화된 지문으로 깊이 있는 독해 학습이 가능하며 다양한 배경지식·어휘를 응용 학습할 수 있다.,9.79E+12,|‘한글’은 처음부터 이름이 ‘한글’이었을까? |소중한 단짝 스케이트보드 |아홀로틀 관찰 기록문 |계단을 내려가는 방법|김장 문화 인류 무형 문화유산에 오르다!,2021-05-31
c03s0119504,EBS 어휘가 독해다 초등 국어 어휘 기본,EBS,7500,100,c03,s01,2000-01-01,2030-12-31,1,c03s01_7.jpg,한국교육방송공사,6750,10,바른 독해법으로 훈련하는 비문학 독해 기본서이다. 지문 독해-지문 분석-어휘 학습의 3단계 독해 훈련으로 구성하였다. 학년별 13개 영역으로 세분화된 지문으로 깊이 있는 독해 학습이 가능하며 다양한 배경지식·어휘를 응용 학습할 수 있다.,9.79E+12,나의 마음은 무슨 색일까?|여러 가지 느낌| 나의 마음 너의 느낌| 미래를 밝히는 사고력| 높은 뜻을 본받아| 연구하고 해결해요| 얼굴로 말해요| 오늘 한 일을 말해요| 사물을 다뤄요| 학급 회의를 해요,2020-12-11
c03s0192299,뿌리깊은 초등국어 독해력 어휘편 4단계 (초등34학년),마더텅 편집부,10400,100,c03,s01,2000-01-01,2030-12-31,1,c03s01_8.jpg,마더텅,9360,10,『뿌리깊은 초등국어 독해력 어휘편 사자성어·속담·관용어』는 하루 15분 초등국어 독해 공부로 어휘까지 공부할 수 있는 초등국어 교재로 표현과 어휘 중심으로 공부한다. 이 교재에 수록된 지문에는 앞으로의 국어 학습에 꼭 필요한 사자성어 관용어 속담을 활용한 구문이 들어가 있다.,9.79E+12,[속담] 티끌 모아 태산|[사자성어] 전전긍긍(戰戰兢兢)|[관용어] 찬물을 끼얹다|[속담] 하나만 알고 둘은 모른다|[관용어] 입만 아프다,2019-12-02
c03s0160598,EBS 초등 만점왕 통합본 국어·사회·과학 3-1 (2024년),EBS,7500,100,c03,s01,2000-01-01,2030-12-31,1,c03s01_9.jpg,한국교육방송공사,6750,10,만점왕 국어 사회 과학 학습을 한 권으로 완성!단원 평가로 마무리 정리까지 가능한 만점왕 통합본〈만점왕 통합본 국어 · 사회 · 과학〉은 국어 사회 과학 교과서 핵심 내용을 압축적으로 정리하여 학습 부담과 숙제 부담이 많은 초등학생도 빠르게 만점왕 학습이 가능할 수 있도록 구성하였습니다.,9.79E+12,재미가 톡톡톡|문단의 짜임|알맞은 높임 표현|내 마음을 편지에 담아|중요한 내용을 적어요|일이 일어난 까닭|반갑다 국어사전|의견이 있어요|어떤 내용일까|문학의 향기,2023-12-14
c03s0351913,디딤돌 초등수학 기본+응용 3-1,편집부,17000,100,c03,s03,2000-01-01,2030-12-31,1,c03s03_1.jpg,디딤돌교육(학습),15300,10,교과서 개념의 핵심을 짚어 상세히 설명하였고 개념을 이해할 수 있도록 다양한 익힘 문제들을 구성하였습니다. 개념을 한 번 더 떠올리고 스스로 개념을 정리하는 코너를 별도 구성하였습니다. 또한  앞 단원이나 이전 학년에서 배웠던 개념이 연계될 수 있도록 연결 개념을 추가 구성하였습니다.,9.79E+12,1. 덧셈과 뺄셈|2. 평면도형|3. 나눗셈|4. 곱셈|5. 시간과 길이|6. 분수와 소수,2023-08-22
c03s0354934,디딤돌 초등수학 기본+응용 3-2,편집부,17000,100,c03,s03,2000-01-01,2030-12-31,1,c03s03_2.jpg,디딤돌교육(학습),15300,10,교과서 개념의 핵심을 짚어 상세히 설명하였고 개념을 이해할 수 있도록 다양한 익힘 문제들을 구성하였습니다. 개념을 한 번 더 떠올리고 스스로 개념을 정리하는 코너를 별도 구성하였습니다. 또한  앞 단원이나 이전 학년에서 배웠던 개념이 연계될 수 있도록 연결 개념을 추가 구성하였습니다.,9.79E+12,1. 곱셈|2. 나눗셈|3. 원|4. 분수|5. 들이와 무게|6. 자료의 정리,2023-11-29
c03s0319844,하루 한장 쏙셈 초등 3-1,미래엔콘텐츠연구회,9900,100,c03,s03,2000-01-01,2030-12-31,1,c03s03_3.jpg,미래엔,8910,10,하루 한 장(4쪽)으로 학습 부담을 덜고 체계적인 연산 훈련으로 10주에 연산 원리를 완벽하게 익힐 수 있습니다.,9.79E+12,1. 곱셈|2. 나눗셈|3. 원|4. 분수|5. 들이와 무게|6. 자료의 정리,2017-10-30
c03s0357810,EBS 만점왕 수학 3-1,EBS,14500,100,c03,s03,2000-01-01,2030-12-31,1,c03s03_4.jpg,한국교육방송공사,13050,10,하루 한 장(4쪽)으로 학습 부담을 덜고 체계적인 연산 훈련으로 10주에 연산 원리를 완벽하게 익힐 수 있습니다.,9.79E+12,BOOK1 개념책||1. 덧셈과 뺄셈|2. 평면도형|3. 나눗셈|4. 곱셈|5. 길이와 시간|6. 분수와 소수,2023-10-02
c03s0333857,신사고 쎈 초등 수학 3-1,홍범준 신사고수학콘텐츠연구회,17500,100,c03,s03,2000-01-01,2030-12-31,1,c03s03_5.jpg,좋은책신사고,15750,10,〈쎈 수학〉은 문제의 난이도를 A  B  C 3단계로 나누어 수준별로 구성하고 다시 B단계를 상  중  하의 난이도로 세분하여 체계적으로 수학 실력을 키울 수 있습니다.모든 문제를 입체적으로 분석하여 유형화교과서 개념과 익힘책 및 학교 시험 기출 문제 분석을 바탕으로 초등수학 해당 학년에서 다뤄야 하는 모든 문제를 유형별로 분류하고 정리하였으므로 유형별로 충분한 문제 연습을 통해 문제 해결력을 키울 수 있습니다.효율적인 자기주도학습과 반복학습 가능학생 스스로 주도적으로 계획을 세워 취약 유형에 대해 반복학습을 할 수 있도록 각 단원별 표로 구성한 〈학습 실천 계획표〉를 제공하였습니다.,9.79E+12,1. 덧셈과 뺄셈|2. 평면도형|3. 나눗셈|4. 곱셈|5. 길이와 시간|6. 분수와 소수,2024-03-28
c03s0380251,그림으로 개념 잡는 초등 키 수학 3-1,키 수학학습방법연구소,15000,100,c03,s03,2000-01-01,2030-12-31,1,c03s03_6.jpg,키출판사,13500,10,전직 EBS 수학 선생님의 유쾌  상쾌  통쾌한 강의를 지금 바로 확인해 보세요.  이런 학생에게 좋아요!*답은 잘 찾는데  막상 개념을 물어보면 모르는 친구들*같은 유형의 문제도 어떨 때는 맞고  어떨 때는 틀리는 친구들*수학의 즐거움을 알고 싶은 친구들*수학을 재미있게 공부하고 싶은 친구들수학책도 예쁠 수 있다는 것을 증명하는 책!!!일러스트로 수학의 개념을 전개하며 파스텔 톤의 레이아웃으로 동화책 같은 수학책이 나왔습니다. 예쁜 수학책으로 공부의 재미를 더합니다.,9.79E+12,1. 덧셈과 뺄셈|2. 평면도형|3. 나눗셈|4. 곱셈|5. 길이와 시간|6. 분수와 소수|정답 및 해설,2019-10-16
c03s0375753,최상위 초등수학S 3-1,편집부,16000,100,c03,s03,2000-01-01,2030-12-31,1,c03s03_7.jpg,디딤돌교육(학습),14400,10,Basic Concept교과서 개념 뿐만 아니라 심화 개념  이후 학년으로의 연계 개념까지 짚어 보고  해당 개념에 따른 문제를 풀어 봄으로써 심화학습의 기본기를 갖출 수 있게 하였습니다.최상위 [S]‘하나의 문장+이미지’를 통해 심화 문제 해결의 알고리즘과 핵심 개념을 직관적으로 느끼고  이해할 수 있게 합니다. 이러한 느낌과 이해를 바탕으로 유사 문제들을 풀어 봄으로써 상위권 실력을 탄탄히 다집니다.Math Master대표 심화 유형 외의 다양한 심화 문제  경시 수준의 문제들을 풀어 보고 상위 3% 최상위권에 도전합니다.〈특별부록〉본문의 대표 유형 문제  Math Master의 문제를 모두 1:1로 복습할 수 있도록 구성하였습니다.,9.79E+12,1. 덧셈과 뺄셈|2. 평면도형|3. 나눗셈|4. 곱셈|5. 시간과 길이|6. 분수와 소수,2022-09-29
c03s0376183,신사고 쎈연산 초등 5권 3-1,홍범준 신사고수학콘텐츠연구회,9000,100,c03,s03,2000-01-01,2030-12-31,1,c03s03_8.jpg,좋은책신사고,8100,10,초등 연산 문제를 총망라한 단원별 연산강화 학습서한 권으로 끝내는 한 학기 완벽 연산학습효율적 연산학습 관리를 위한 학습진단표 제공연산 원리를 쉽고 오랫동안 기억하게 하는 이미지 연상 학습절대 밀리지 않는 하루 1장 구성1. 연산 원리 마스터연산 원리를 자세히 설명하고 이미지 연상법으로 정리하여 혼자서도 쉽고 재미있게 연산 방법을 습득할 수 있습니다.2. 초등 연산 문제 총망라연산 영역뿐 아니라 도형  측정  규칙성  자료 영역에서 필요한 연산까지 모두 담아 한 권으로 해당 학기의 연산학습을 완벽하게 끝낼 수 있도록 하였습니다.3. 교과서 연계 학습으로 문제해결력 강화학습 중인 연산의 교과 단원명을 명시하여 학습 편의성을 도모하고  익힘책 수준의 문장제 문제를 ‘교과서 속 쎈연산’ 코너로 제공하여 이를 통해 문제해결력을 키울 수 있도록 하였습니다.,9.79E+12,[1단계] 덧셈| [2단계] 뺄셈| [3단계] 나눗셈| [4단계] 곱셈| [5단계] 길이와 시간의 합과 차,2023-12-11
c03s0319436,하루 한장 쏙셈 초등 3-2,미래엔콘텐츠연구회,9900,100,c03,s03,2000-01-01,2030-12-31,1,c03s03_9.jpg,미래엔,8910,10,하루 한 장(4쪽)으로 학습 부담을 덜고 체계적인 연산 훈련으로 10주에 연산 원리를 완벽하게 익힐 수 있습니다.,9.79E+12,[1단계] 덧셈| [2단계] 뺄셈| [3단계] 나눗셈| [4단계] 곱셈| [5단계] 길이와 시간의 합과 차,2018-04-01
c03s0336106,EBS 만점왕 연산 5단계,EBS,7500,100,c03,s03,2000-01-01,2030-12-31,1,c03s03_10.jpg,한국교육방송공사,6750,10,예비 초등학생부터 초등 6학년까지 14개 단계 구성!올바른 연산 공부를 위한 『만점왕 연산』수학 교과 내용 중 수와 연산  규칙성 단원을 반영하여 학교 진도에 맞추어 연산 공부를 할 수 있습니다.월요일부터 금요일까지 하루 2쪽씩 5일 학습!학교 수학 공부와 병행할 수 있도록 수학의 기초가 되는 연산을 부담없이 매일 학습할 수 있습니다.한 번에 많이 푸는 것이 아니라 매일 꾸준히  점차 난도를 높여 가며 풀면 수학 실력을 향상시킬 수 있습니다.,9.79E+12,[1단계] 덧셈| [2단계] 뺄셈| [3단계] 나눗셈| [4단계] 곱셈| [5단계] 길이와 시간의 합과 차,2020-12-08
c03s0393109,우공비 일일수학 3-1,신사고수학콘텐츠연구회 홍범준,11000,100,c03,s03,2000-01-01,2030-12-31,1,c03s03_11.jpg,좋은책신사고,9900,10,『우공비 일일수학』은 '보는개념 → 개념정리 → 확인문제'의 3단계 개념학습으로 구성하여 하루 4쪽씩 30일만 공부하면 한 학기 수학 개념을 완성할 수 있습니다. 또한 '연산 → 유형 → 마무리'의 3단계 문제학습으로 공부한 개념을 문제에 완벽하게 적용할 수 있습니다. 특별부록으로 제공하는 '성취도 평가'를 통해 학교 시험도 대비할 수 있습니다. 『우공비 일일수학』은 정답 및 풀이의 구성도 특별합니다. '빠른 정답'에서는 정답만 따로 모아 채점이 용이하고  '자세한 풀이'에서는 전 문항에 대한 상세한 풀이와 함께 오답 이유를 수록하여 혼자서도 쉽고 재미있게 공부할 수 있습니다.,9.79E+12,[1단계] 덧셈| [2단계] 뺄셈| [3단계] 나눗셈| [4단계] 곱셈| [5단계] 길이와 시간의 합과 차,2020-12-02
c03s0341438,최상위 초등수학 3-1,편집부,16000,100,c03,s03,2000-01-01,2030-12-31,1,c03s03_12.jpg,디딤돌교육(학습),14400,10,진정한 상위권이 되기 위한 필독서입니다. 교과서 수준의 개념이 아닌 실전 개념  사고력 개념  이후 학습으로의 연결 개념들을 함께 다루어 아이들이 수학적 관점에서 해당 교과 내용을 이해할 수 있게 하였습니다. 또한 최상위 수준까지 끌어줄 수 있도록 문제의 난이도 선정 및 배치를 전략적으로 구성하여 누구든 상위권에 도전할 수 있도록 하였습니다. 해설 역시 최상위만의 차별화된 상세한 해설로 부모님들이 지도하시는 데에 어려움이 없도록 개선하였습니다.,9.79E+12,[1단계] 덧셈| [2단계] 뺄셈| [3단계] 나눗셈| [4단계] 곱셈| [6단계] 길이와 시간의 합과 차,2022-09-29
c03s0313018,기적의 계산법 5권 초등 3학년,기적학습연구소,9000,100,c03,s03,2000-01-01,2030-12-31,1,c03s03_13.jpg,길벗스쿨,8100,10,연산은 쉽더라도 처음 배울 때부터 차근차근 정확하게 푸는 반복 훈련이 꼭 필요합니다. 초등학교 수학의 핵심인 연산부터 훈련하세요. 연산을 잘하면 수학이 재미있어지고 점점 자신감이 붙어서 수학을 잘할 수 있습니다. 연산 훈련으로 수학의 기본기를 다지면 아이의 ‘수학자신감’이 쑥쑥 자랍니다.,9.79E+12,[1단계] 덧셈| [2단계] 뺄셈| [3단계] 나눗셈| [4단계] 곱셈| [7단계] 길이와 시간의 합과 차,2021-12-20
c03s0398717,수학 단원평가 3-1,최용준 해법수학연구회,11000,100,c03,s03,2000-01-01,2030-12-31,1,c03s03_14.jpg,천재교육,9900,10,기본 개념 문제로 구성된 쪽지시험 문제를 풀면 확실하게 개념정리가 됩니다. 기출문제 위주로 수록하여 시험형 수행평가를 완벽하게 대비할 수 있습니다.,9.79E+12,[1단계] 덧셈| [2단계] 뺄셈| [3단계] 나눗셈| [4단계] 곱셈| [8단계] 길이와 시간의 합과 차,2021-10-28
c03s0398214,신사고 쎈연산 초등 6권 3-2,EBS,9000,100,c03,s03,2000-01-01,2030-12-31,1,c03s03_15.jpg,좋은책신사고,8100,10,연산 원리 마스터연산 원리를 자세히 설명하고 이미지 연상법으로 정리하여 혼자서도 쉽고 재미있게 연산 방법을 습득할 수 있습니다. 초등 연산 문제 총망라연산 영역뿐 아니라 도형  측정  규칙성  자료 영역에서 필요한 연산까지 모두 담아 한 권으로 해당 학기의 연산학습을 완벽하게 끝낼 수 있도록 하였습니다.,9.79E+12,[1단계] 덧셈| [2단계] 뺄셈| [3단계] 나눗셈| [4단계] 곱셈| [9단계] 길이와 시간의 합과 차,2024-01-11
c03s0462767,EBS 매일 쉬운 스토리 한국사 1,EBS,9000,100,c03,s04,2000-01-01,2030-12-31,1,c03s04_1.jpg,한국교육방송공사,8100,10,교과서 학습부터 평가 대비까지 한 권으로 끝!,9.79E+12,Ⅰ. 선사 시대와 고조선|1일차 구석기 시대의 생활|2일차 신석기 시대의 생활 |3일차 청동기 시대의 변화|4일차 고조선의 등장|5일차 실전 문제&어휘 적용하기|Ⅱ. 삼국 시대와 남북국 시대|6일차 고구려의 성장과 발전|7일차 백제의 성장과 발전|8일차 신라의 성장과 발전|9일차 삼국과 가야의 삶|10일차 삼국 통일|11일차 통일 신라의 모습|12일차 발해의 모습|13일차 남북국 시대의 삶|14일차 실전 문제&어휘 적용하기,2020-12-09
c03s0445793,큰별쌤 최태성의 하루 한장 한국사 1,최태성,14000,100,c03,s04,2000-01-01,2030-12-31,1,c03s04_2.jpg,미래엔,12600,10,"큰별쌤 최태성과 함께하는 하루한장 한국사!
한국사 교재는 많다. 재미있게 만화로 구성하기도 하고  이야기책처럼 풀어 놓기도 하고  핵심과 시험문제만 모아 엮어 놓기도한다.
중요한 것은 지치지 않고 한국사의 흐름을 꿸 수 있도록 하는 것입니다.",9.79E+12,1. 선사 시대와 고조선 |1주 1일 역사란 무엇일까?|1주 2일 구석기 시대 사람들은 어떻게 생활했을까?|1주 3일 신석기 시대 사람들은 어떻게 생활했을까?|1주 4일 청동기 시대에 사람들의 생활 모습은 어떻게 달라졌을까?|1주 5일 고조선의 건국 이야기에 숨겨진 이야기가 있다고?,2020-12-07
c03s0487463,용선생 15분 한국사 독해 1,사회평론 역사연구소 이지혜 김미성 정지은 뭉선생,11000,100,c03,s04,2000-01-01,2030-12-31,1,c03s04_3.jpg,사회평론,9900,10,한국사와 비문학 독해 훈련을 한번에! 한국사 필수 어휘까지 잡았다!,9.79E+12,01 구석기 시대  라라네 가족의 저녁 |02 신석기 시대  노리의 바쁜 하루|03 청동기 시대  고인돌에 묻힌 해미르 군장!|04 단군왕검  우리나라의 역사를 열다 |05 알에서 나온 주몽  고구려를 세우다 ||역사 놀이터 가로세로 키워드 찾기!|06 아버지를 찾아 고구려에 온 유리 |07 온조  고구려를 떠나 새 나라 백제를 세우다! |08 알에서 나온 박혁거세  신라를 세우다! |09 꾀가 많은 신라 왕  석탈해 |10 김수로와 형제들  가야의 왕이 되다,2023-03-13
c03s0442443,한끝 초등사회 3-1,EBS,13000,100,c03,s04,2000-01-01,2030-12-31,1,c03s04_4.jpg,비상교육,11700,10,교과서 학습부터 평가 대비까지 한 권으로 끝!,9.79E+12,1. 우리 고장의 모습|1일차 우리 고장의 장소 |2일차 고장의 모습 그리기 |3일차 고장의 모습을 그린 그림 비교하기 |4일차 다양한 위치에서 살펴본 고장의 장소 |5일차 디지털 영상 지도로 살펴본 고장의 모습 |6일차 우리 고장의 주요 장소 찾기 |7일차 고장의 주요 장소를 백지도에 나타내기||2. 우리가 알아보는 고장 이야기|8일차 옛이야기에 담긴 고장의 인물|9일차 속담  지명  말  노래에 담긴 옛이야기|10일차 옛이야기로 알 수 있는 자연환경,2021-11-01
c03s0428209,EBS 매일 쉬운 스토리 한국사 2,EBS,9000,100,c03,s04,2000-01-01,2030-12-31,1,c03s04_5.jpg,한국교육방송공사,8100,10,교과서 학습부터 평가 대비까지 한 권으로 끝!,9.79E+12,조선 후기|1일차 조선 후기 제도의 정비|2일차 붕당과 탕평책|3일차 조선 후기 경제 및 사회 변화|4일차 실학의 등장|5일차 조선 후기 문화의 발달|6일차 세도 정치|7일차 조선 후기 백성들의 의식 변화|8일차 실전 문제&어휘 적용하기,2020-12-09
c03s0499599,용선생 15분 한국사 독해 2,사회평론 역사연구소 이지혜 김미성 정지은 뭉선생,11000,100,c03,s04,2000-01-01,2030-12-31,1,c03s04_6.jpg,사회평론,9900,10,한국사와 비문학 독해 훈련을 한번에! 한국사 필수 어휘까지 잡았다!,9.79E+12,01 신문왕  신비한 피리로 나라를 다스리다 |02 원효  백성들에게 불교를 널리 알리다 |03 대조영  옛 고구려의 땅에 발해를 세우다 |04 불국사와 석굴암을 지어 부모를 기린 김대성 |05 불어난 강물 덕분에 왕이 된 원성왕 |역사 놀이터 가로세로 키워드 찾기! ,2023-03-13
c03s0497867,용선생 15분 한국사 독해 3,사회평론 역사연구소 이지혜 김미성 정지은 뭉선생,11000,100,c03,s04,2000-01-01,2030-12-31,1,c03s04_7.jpg,사회평론,9900,10,한국사와 비문학 독해 훈련을 한번에! 한국사 필수 어휘까지 잡았다!,9.79E+12,1주|01 이성계  새 나라 조선을 세우다! |02 정몽주  고려와 함께 스러지다 |03 조선의 수도 한양을 설계한 정도전 |04 이방원  강력한 왕을 꿈꾸다! |05 세종  백성을 위한 정치를 펼치다 ||역사 놀이터 가로세로 키워드 찾기!,2023-03-13
c03s0455749,사회도 독해가 먼저다 초등 3학년,키 초등학습방법연구소 서영,15000,100,c03,s04,2000-01-01,2030-12-31,1,c03s04_8.jpg,키출판사,13500,10,개념을 잡아서 교과서를 쉽게! 복잡한 교과 개념을 그림으로 한눈에 볼 수 있게 담았다. 3단계 독해법으로 독해를 탄탄하게! 개념-어휘-독해 3단계로 독해력을 탄탄하게 키울 수 있게 구성하였다.?,9.79E+12,1. 자연환경과 인문환경은 무엇일까요? |2. 땅의 생김새에 따라 이용하는 모습은 어떻게 다를까요?|3. 고장의 환경에 따라 생활 모습은 어떻게 다를까요?|4. 계절에 따라 생활 모습은 어떻게 다를까요? |5. 환경에 따라 의식주 생활 모습은 어떻게 다를까요? |   쉬어 가기: 세계 여러 나라의 의생활 모습,2022-07-28
c03s0411400,용선생 15분 한국사 독해 4,사회평론 역사연구소 이지혜 김미성 정지은 뭉선생,11000,100,c03,s04,2000-01-01,2030-12-31,1,c03s04_9.jpg,사회평론,9900,10,한국사와 비문학 독해 훈련을 한번에! 한국사 필수 어휘까지 잡았다!,9.79E+12,1주|01 흥선 대원군  나라의 질서를 바로잡다 |02 조선에 쳐들어온 이양선을 막아라! |03 강화도 조약으로 나라의 문을 열다 |04 조선을 바꾸려다 3일 만에 실패한 김옥균 |05 전봉준  농민들과 함께 일어서다 ||역사 놀이터 가로세로 키워드 찾기! ||2주|06 조선의 길을 찾아 나선 명성 황후,2023-03-13
c03s0752945,오투 초등과학 3-1 (2024년용),오투,13000,100,c03,s07,2000-01-01,2030-12-31,1,c03s07_1.jpg,비상교육,11700,10,생생하게 보는 과학 교재! 새 교과서 반영 『오투 초등과학』! 『오투』는 실제 실험하고 관찰하는 것처럼 생생하게 보는 과학 학습서이다. 『오투 초등과학』은 새 교과서인 7종 검정 과학교과서의 중요 내용을 빠짐없이 실었고  혼자서도 내용을 확실하게 이해할 수 있도록 친절하게 설명하였다. 하루 6쪽  탐구-개념-문제의 3단계 학습으로 과학 공부 습관을 기르고  과학에 대한 자신감을 높일 수 있다,9.79E+12,"01일차 과학 탐구|02일차 물체를 이루는 물질 |03일차 물질의 여러 가지 성질 |04일차 우리 생활에 이용되는 물질의 성질 |05일차 같은 물체를 서로 다른 물질로 만드는 까닭 |06일차 서로 다른 물질을 섞을 때의 변화|07일차 동물의 암수 |08일차 배추흰나비의 한살이 관찰 계획 |09일차 배추흰나비 알과 애벌레 |10일차 배추흰나비 번데기와 어른벌레 |11일차 여러 가지 곤충의 한살이 |12일차 알을 낳는 동물과 새끼를 낳는 동물의 한살이|13일차 자석이 끌어당기는 물체|14일차 자석의 극|15일차 자석과 자석의 만남|16일차 자석 주변에 놓인 나침반|17일차 자석으로 만드는 나침반|18일차 우리 생활에서 이용하는 자석|19일차 지구의 모양 |20일차 지구 표면의 모습 |21일차 지구의 육지와 바다|22일차 지구를 둘러싼 공기의 역할|23일차 달의 모습                        
                    01일차 과학 탐구02일차 물체를 이루는 물질 03일차 물질의 여러 가지 성질 04일차 우리 생활에 이용되는 물질의 성질 05일차 같은 물체를 서로 다른 물질로 만드는 까닭 06일차 서로 다른 물질을 섞을 때의 변화07일차 동물의 암수 08일차 배추흰나비의 한살이 관찰 계획 09일차 배추흰나비 알과 애벌레 10일차 배추흰나비 번데기와 어른벌레 11일차 여러 가지 곤충의 한살이 12일차 알을 낳는 동물과 새끼를 낳는 동물의 한살이13일차 자석이 끌어당기는 물체14일차 자석의 극15일차 자석과 자석의 만남16일차 자석 주변에 놓인 나침반17일차 자석으로 만드는 나침반18일차 우리 생활에서 이용하는 자석19일차 지구의 모양 20일차 지구 표면의 모습 21일차 지구의 육지와 바다22일차 지구를 둘러싼 공기의 역할23일차 달의 모습",2021-11-01
c03s0790817,과학도 독해가 먼저다 초등 3학년,키 초등학습방법연구소,15000,100,c03,s07,2000-01-01,2030-12-31,1,c03s07_2.jpg,키출판사,13500,10,탄탄한 구성으로 선생님이 만족한 교과서 자습서&평가문제집으로 아이들이 스스로 공부할 수 있는 ‘자신감’을 키워주세요. ,9.79E+12,1. 물질의 종류에 따라 성질이 어떻게 다를까요? |2. 물체의 기능과 물질의 성질은 어떤 관계가 있을까요?|3. 서로 다른 물질을 섞으면 물질의 성질은 어떻게 될까요?|4. 고체  액체  기체는 어떤 성질이 있을까요? |5. 기체는 어떤 성질이 있을까요?|   쉬어 가기: 다양한 물건을 만들 수 있는 물질  플라스틱,2022-08-17
c03s0736274,초등학교 과학 3-1 자습서&평가문제집 (2024년),현동걸,17000,100,c03,s07,2000-01-01,2030-12-31,1,c03s07_3.jpg,아이스크림미디어,15300,10,탄탄한 구성으로 선생님이 만족한 교과서 자습서&평가문제집으로 아이들이 스스로 공부할 수 있는 ‘자신감’을 키워주세요. ,9.79E+12,안전하게 탐구하기|과학자처럼 탐구하기|1. 물질의 성질|2. 동물의 한살이|3. 자석의 이용|4. 지구의 모습,2024-01-15
c03s0742426,우공비 일일과학 3-1,신사고초등콘텐츠연구회,11000,100,c03,s07,2000-01-01,2030-12-31,1,c03s07_4.jpg,좋은책신사고,9900,10,탄탄한 구성으로 선생님이 만족한 교과서 자습서&평가문제집으로 아이들이 스스로 공부할 수 있는 ‘자신감’을 키워주세요. ,9.79E+12,[1일차] 물체를 이루는 물질|[2일차] 여러 가지 물질의 성질 (1)|[3일차] 여러 가지 물질의 성질 (2)|[4일차] 우리 생활에 이용되는 물질의 성질|[5일차] 물체를 다른 물질로 만드는 까닭|[6일차] 물질을 섞을 때의 변화|[7일차] 동물의 암수|[8일차] 배추흰나비 기르기|[9일차] 배추흰나비알과 애벌레|[10일차] 배추흰나비 번데기,2019-12-18
c03s0724632,EBS 만점왕 과학 3-1 (2024년),EBS,14500,100,c03,s07,2000-01-01,2030-12-31,1,c03s07_5.jpg,한국교육방송공사,13050,10,탄탄한 구성으로 선생님이 만족한 교과서 자습서&평가문제집으로 아이들이 스스로 공부할 수 있는 ‘자신감’을 키워주세요. ,9.79E+12,1. 과학자는 어떻게 탐구할까요?|2. 물질의 성질|⑴ 물체와 물질|⑵ 물질의 성질과 기능|⑶ 물질의 성질과 변화|3. 동물의 한살이|⑴ 동물의 암수  배추흰나비의 한살이|⑵ 여러 가지 동물의 한살이 과정|4. 자석의 이용|⑴ 자석 사이에 작용하는 힘|⑵ 자석의 성질|5. 지구의 모습|⑴ 지구 표면의 모습|⑵ 지구와 달의 모습,2023-11-24
c03s0725496,오투 초등과학 3-2 (2024년용),오투,13000,100,c03,s07,2000-01-01,2030-12-31,1,c03s07_6.jpg,비상교육,11700,10,『오투』는 실제 실험하고 관찰하는 것처럼 생생하게 보는 과학 학습서이다. 『오투』 초등과학은 새 교과서인 7종 검정 과학교과서의 중요 내용을 빠짐없이 실었고  혼자서도 내용을 확실하게 이해할 수 있도록 친절하게 설명하였다. 하루 6쪽  탐구-개념-문제의 3단계 학습으로 과학 공부 습관을 기르고  과학에 대한 자신감을 높일 수 있다. ,9.79E+12,01일차 과학 탐구 방법|02일차 특징에 따른 동물 분류|03일차 땅에서 사는 동물|04일차 물에서 사는 동물|05일차 날아다니는 동물|06일차 사막이나 극지방에서 사는 동물|07일차 동물의 특징을 활용한 예|08일차 장소에 따른 흙의 특징|09일차 흙이 만들어지는 과정|10일차 땅의 모습을 바꾸는 흐르는 물,2022-02-01
c03s0761869,우공비 일일과학 3-2,신사고초등콘텐츠연구회,11000,100,c03,s07,2000-01-01,2030-12-31,1,c03s07_7.jpg,좋은책신사고,9900,10,탄탄한 구성으로 선생님이 만족한 아이스크림 교과서 자습서&평가문제집으로 아이들이 스스로 공부할 수 있는 ‘자신감’을 키워주세요. ,9.79E+12,[1일차] 물체를 이루는 물질|[2일차] 여러 가지 물질의 성질 (1)|[3일차] 여러 가지 물질의 성질 (2)|[4일차] 우리 생활에 이용되는 물질의 성질|[5일차] 물체를 다른 물질로 만드는 까닭|[6일차] 물질을 섞을 때의 변화|[7일차] 동물의 암수|[8일차] 배추흰나비 기르기|[9일차] 배추흰나비알과 애벌레|[10일차] 배추흰나비 번데기,2019-12-18
c06s0131883,뿌리깊은 초등국어 독해력 5단계 (초등5 6학년),마더텅 편집부,9900,100,c06,s01,2000-01-01,2030-12-31,1,c06s01_1.jpg,마더텅,8910,10,1주 5회  두 달에 완성하는 초등국어 독해력 교재! 하루 15분씩  하나의 독해 지문과 독해력을 키워주는 독해 문제 7개를 풀어보세요!  처음 초등국어 독해 공부를 시작하는 학생을 위한 재밌고 다양한 지문 수록하고 교과서 수록 작품 및 배경지식으로 알아둘 만한 전래동화  우화 수록하였다. 매 지문마다 어법과 어휘만을 따로 공부하는 장 수록하고 학습결과를 재밌게 기록할 수 있는 학습평가 붙임딱지 수록하였다.,9.79E+12,01회 시치미를 떼다|02회 일기예보와 기상청|03회 일기예보|04회 물새알 산새알|05회 두 개의 탈무드|부록 알아두면 낱말 뜻을 짐작하게 해주는 독해 어휘력 한자 - 펼 발  평평할 평|06회 한글날|07회 존 로스|08회 중세 미술과 르네상스 미술|09회 수도꼭지|10회 허생전,2018-04-09
c06s0125884,빠작 초등 국어 비문학 독해 5단계 (5 6학년),구주영 김보라 박혜영 송인우 이석호,12000,100,c06,s01,2000-01-01,2030-12-31,1,c06s01_2.jpg,동아출판,10800,10,바른 독해법으로 훈련하는 비문학 독해 기본서이다. 지문 독해-지문 분석-어휘 학습의 3단계 독해 훈련으로 구성하였다. 학년별 10개 영역으로 세분화된 지문으로 깊이 있는 독해 학습이 가능하며 다양한 배경지식·어휘를 응용 학습할 수 있다.,9.79E+12,01 한자어와 외래어|02 짜장면? 자장면? 둘 다 표준어!|03 관용어의 뜻과 특징|04 눈을 비비고 상대를 다시 보다,2021-11-05
c06s0120816,뿌리깊은 초등국어 독해력 6단계 (초등5 6학년),마더텅 편집부,9900,100,c06,s01,2000-01-01,2030-12-31,1,c06s01_3.jpg,마더텅,8910,10,1주 5회  두 달에 완성하는 초등국어 독해력 교재! 하루 15분씩  하나의 독해 지문과 독해력을 키워주는 독해 문제 7개를 풀어보세요!  처음 초등국어 독해 공부를 시작하는 학생을 위한 재밌고 다양한 지문 수록하고 교과서 수록 작품 및 배경지식으로 알아둘 만한 전래동화  우화 수록하였다. ,9.79E+12,01회 스팸메일|02회 사소절|03회 나로호|04회 웃는 기와|05회 동백꽃|부록,2018-04-09
c06s0141592,뿌리깊은 초등국어 독해력 어휘편 5단계 (초등5 6학년),마더텅 편집부,9900,100,c06,s01,2000-01-01,2030-12-31,1,c06s01_4.jpg,마더텅,8910,10,『뿌리깊은 초등국어 독해력 어휘편 사자성어·속담·관용어』는 하루 15분 초등국어 독해 공부로 어휘까지 공부할 수 있는 초등국어 교재로  표현과 어휘 중심으로 공부한다. 이 교재에 수록된 지문에는 앞으로의 국어 학습에 꼭 필요한 사자성어  관용어  속담을 활용한 구문이 들어가 있다.,9.79E+12,[속담] 목구멍이 포도청|[관용어] 빛을 발하다|[고사성어] 대기만성(大器晩成),2019-12-02
c06s0126068,빠작 초등 국어 문학 독해 5단계 (5 6학년),구주영 김보라 박혜영 송인우 이석호,12000,100,c06,s01,2000-01-01,2030-12-31,1,c06s01_5.jpg,동아출판,10800,10,지문 독해-지문 분석-어휘 학습 3단계 독해 훈련으로 구성하였다. 학년별 필수 온작품으로 깊이 있는 독해 학습이 가능하며 다양한 배경지식을 습득하고 어휘 응용 학습을 할 수 있다.,9.79E+12,01 야  춘기야 ①~③|02 연 ①~③|03 이상한 선생님 ①~③|04 소나기 ①~③|05 꿩 ①~③|06 달걀은 달걀로 갚으렴 ①~③,2021-10-30
c06s0191445,빠작 초등 국어 비문학 독해 6단계 (5 6학년),구주영 김보라 박혜영 송인우 이석호,12000,100,c06,s01,2000-01-01,2030-12-31,1,c06s01_6.jpg,동아출판,10800,10,바른 독해법으로 훈련하는 비문학 독해 기본서이다. 지문 독해-지문 분석-어휘 학습의 3단계 독해 훈련으로 구성하였다. 학년별 10개 영역으로 세분화된 지문으로 깊이 있는 독해 학습이 가능하며 다양한 배경지식·어휘를 응용 학습할 수 있다.,9.79E+12,01 ‘출사표를 던지다’의 유래|02 국어 순화|03 디지털 기기를 움직이는 디지털 언어  ‘코딩’|04 우리말 받침의 발음,2021-11-05
c06s0196269,EBS 어휘가 독해다 초등 국어 어휘 실력,,13000,100,c06,s01,2000-01-01,2030-12-31,1,c06s01_7.jpg,한국교육방송공사,11700,10,바른 독해법으로 훈련하는 비문학 독해 기본서이다. 지문 독해-지문 분석-어휘 학습의 3단계 독해 훈련으로 구성하였다. 학년별 10개 영역으로 세분화된 지문으로 깊이 있는 독해 학습이 가능하며 다양한 배경지식·어휘를 응용 학습할 수 있다.,9.79E+12,01강 느낌  표정  지각 - 느낌  표정  지각을 나타내는 말|02강 감정  생각1 - 감정이나 생각을 나타내는 말|03강 감정  생각2 - 감정이나 생각을 나타내는 말,2020-12-11
c06s0134294,그만 틀리고 싶은 기적특강 초등 고학년 맞춤법,기적학습연구소,14000,100,c06,s01,2000-01-01,2030-12-31,1,c06s01_8.jpg,길벗스쿨,12600,10,고학년인데 아직도 맞춤법을 틀린다고요? 지금은 무엇보다 맞춤법 산을 깔끔하게 뛰어넘고 다음 학년으로 올라갈 때입니다!   기적특강 『그만 틀리고 싶은 초등 고학년 맞춤법』은 받아쓰기는 일찌감치 졸업했는데 여전히 곳곳에 틀린 글자가 난무하고  영어보다 우리말이 더 어렵다고 느끼는 초등 고학년을 위한 맞춤법 완전 정복 학습서입니다.,9.79E+12,1장_ 소리도 다르고 뜻도 다른데 헷갈리는 말||1DAY 맞추다 vs 맞히다 가르치다 vs 가리키다 잃다 vs 잊다 바라다 vs 바래다|2DAY 두껍다 vs 두텁다 부수다 vs 부시다 찢다 vs 찧다 젖히다 vs 제치다|3DAY 바치다 vs 받치다 다르다 vs 틀리다 작다 vs 적다 닫다 vs 닿다|4DAY 헷갈릴 틈 없이 맞춤법 맞히기,2024-03-03
c06s0141947,뿌리깊은 초등국어 독해력 어휘편 6단계 (초등5 6학년),마더텅 편집부,9900,100,c06,s01,2000-01-01,2030-12-31,1,c06s01_9.jpg,마더텅,8910,10,『뿌리깊은 초등국어 독해력 어휘편 사자성어·속담·관용어』는 하루 15분 초등국어 독해 공부로 어휘까지 공부할 수 있는 초등국어 교재로  표현과 어휘 중심으로 공부한다. 이 교재에 수록된 지문에는 앞으로의 국어 학습에 꼭 필요한 사자성어  관용어  속담을 활용한 구문이 들어가 있다. ,9.79E+12,"01회	[속담] 울며 겨자 먹기|02회	[관용어] 밑도 끝도 없다|03회	[고사성어] 와신상담(臥薪嘗膽)|04회	[속담] 개구리 올챙이 적 생각 못한다|05회	[관용어] 눈에 밟히다|1주차 부록	개구리와 관련된 표현",2019-12-02
c06s0183015,빠작 초등 국어 문학 독해 6단계 (5 6학년),구주영 김보라 박혜영 송인우 이석호,12000,100,c06,s01,2000-01-01,2030-12-31,1,c06s01_10.jpg,동아출판,10800,10,지문 독해-지문 분석-어휘 학습 3단계 독해 훈련으로 구성하였다. 학년별 필수 온작품으로 깊이 있는 독해 학습이 가능하며 다양한 배경지식을 습득하고 어휘 응용 학습을 할 수 있다. ,9.79E+12,01 동백꽃 ①~③|02 고무신 ①~③|03 그 많던 싱아는 누가 다 먹었을까 ①~③|04 기억 속의 들꽃 ①~③|05 마술의 손 ①~③|06 마지막 땅 ①~③|07 박씨전 ①~③|08 흥부전 ①~③|09 유충렬전 ①~③|10 코르니유 영감의 비밀 ①~③,2021-10-30
c06s0359625,신사고 쎈 초등 수학 6-1 (2024년),홍범준,17500,100,c06,s03,2000-01-01,2030-12-31,1,c06s03_1.jpg,좋은책신사고,15750,10,학교 시험에 나오는 모든 문제가 다 들어 있는 “문제기본서 쎈”  모든 문제를 체계적으로 분석하여 유형별로 제시했다. A  B  C 3단계로 나누어 수준별로 구성된 문제를 해결 학습하자. 예시답안과 채점기준표를 제공한 서술형 주관식 문제 구성했다. 혼자서도 쉽게 이해할 수 있는 자세한 풀이가 있다. 잘 틀리는 문제에 대한 틀리는 이유  해결 방안 제시했다. ,9.79E+12,"1. 분수의 나눗셈|
2. 각기둥과 각뿔|
3. 소수의 나눗셈|
4. 비와 비율|
5. 여러 가지 그래프|
6. 직육면체의 부피와 겉넓이",2023-09-11
c06s0375556,신사고 쎈 초등 수학 6-2 (2024년),홍범준,17500,100,c06,s03,2000-01-01,2030-12-31,1,c06s03_2.jpg,좋은책신사고,15750,10,학교 시험에 나오는 모든 문제가 다 들어 있는 “문제기본서 쎈”  초등 과정의 모든 수학 문제를 총정리했다. 교과서와 익힘책은 물론 학교 시험에 출제된 문제까지 초등 과정의 모든 수학 문제를 담은 〈쎈 수학〉 한 권으로 초등학교 수학 학습을 완벽하게 끝낼 수 있다. ,9.79E+12,1. 분수의 나눗셈|2. 소수의 나눗셈|3. 공간과 입체|4. 비례식과 비례배분|5. 원의 둘레와 넓이|6. 원기둥  원뿔  구,2023-09-15
c06s0327869,디딤돌 초등수학 기본+응용 6-2 (2024년),,17000,100,c06,s03,2000-01-01,2030-12-31,1,c06s03_3.jpg,디딤돌교육(학습),15300,10,디딤돌 초등수학 기본+응용은 수학을 제대로 공부할 수 있도록 수학적 관점에서 개념을 정리하였다. 새로운 문제 유형들도 반영하였을 뿐만 아니라 개념을 수학적 관점에서 이해할 수 있는 문제  수학적 사고력을 기를 수 있는 문제들을 담았다.,9.79E+12,1. 분수의 나눗셈|2. 소수의 나눗셈|3. 공간과 입체|4. 비례식과 비례배분|5. 원의 넓이|6. 원기둥  원뿔  구,2023-11-29
c06s0315776,디딤돌 초등수학 기본+응용 6-1 (2024년),편집부,17000,100,c06,s03,2000-01-01,2030-12-31,1,c06s03_4.jpg,디딤돌교육(학습),15300,10,디딤돌 초등수학 기본+응용은 수학을 제대로 공부할 수 있도록 수학적 관점에서 개념을 정리하였다. 새 교과서의 문제 유형들도 반영하였을 뿐만 아니라 개념을 수학적 관점에서 이해할 수 있는 문제  수학적 사고력을 기를 수 있는 문제들을 담았다.,9.79E+12,1. 분수의 나눗셈|2. 각기둥과 각뿔|3. 소수의 나눗셈|4. 비와 비율|5. 여러 가지 그래프|6. 직육면체의 부피와 겉넓이,2023-08-22
c06s0316283,최상위 초등수학 6-1 (2024년용),편집부,16000,100,c06,s03,2000-01-01,2030-12-31,1,c06s03_5.jpg,디딤돌교육(학습),14400,10,진정한 상위권이 되기 위한 필독서. 교과서 수준의 개념이 아닌 실전 개념  사고력 개념  이후 학습으로의 연결 개념들을 함께 다루어 아이들이 수학적 관점에서 해당 교과 내용을 이해할 수 있게 하였다. 또한 최상위 수준까지 끌어줄 수 있도록 문제의 난이도 선정 및 배치를 전략적으로 구성하여 누구든 상위권에 도전할 수 있도록 하였다.,9.79E+12,1. 분수의 나눗셈|2. 각기둥과 각뿔|3. 소수의 나눗셈|4. 비와 비율|5. 여러 가지 그래프|6. 직육면체의 부피와 겉넓이,2022-09-29
c06s0355362,개념+유형 기본 라이트 초등수학 6-2 (2024년),,16000,100,c06,s03,2000-01-01,2030-12-31,1,c06s03_6.jpg,비상교육,14400,10,“유형 복습 시스템으로 기본 실력 완성! 라이트”  ‘유형 복습 시스템’이란?   [개념책]의 문제를 [복습책]에서 복습하여 유형을 정복하는 시스템  『개념+유형』은 개념과 유형을 한번에 잡는 초  중  고 수학 전문 학습서이다. 『기본 라이트』의 유형 복습 시스템([개념책]의 문제를 [복습책]에서 1:1 복습)으로 기본 실력을 완성할 수 있다.,9.79E+12,1. 분수의 나눗셈||① 분자끼리 나누어떨어지는 분모가 같은 (분수)÷(분수)|② 분자끼리 나누어떨어지지 않는 분모가 같은 (분수)÷(분수)|③ 분모가 다른 (분수)÷(분수)|④ (자연수)÷(단위분수)|⑤ (자연수)÷(분수)|⑥ (분수)÷(분수)를 (분수)×(분수)로 나타내기|⑦ (분수)÷(분수),2023-11-01
c06s0332637,기적의 계산법 6학년 세트,기적학습연구소,17000,100,c06,s03,2000-01-01,2030-12-31,1,c06s03_7.jpg,길벗스쿨,15300,10,“유형 복습 시스템으로 기본 실력 완성! 라이트”  ‘유형 복습 시스템’이란?   [개념책]의 문제를 [복습책]에서 복습하여 유형을 정복하는 시스템  『개념+유형』은 개념과 유형을 한번에 잡는 초  중  고 수학 전문 학습서이다. 『기본 라이트』의 유형 복습 시스템([개념책]의 문제를 [복습책]에서 1:1 복습)으로 기본 실력을 완성할 수 있다.,9.79E+12,101단계. (자연수)÷(자연수)  (분수)÷(자연수)|102단계. 분수의 나눗셈 ① |103단계. 분수의 나눗셈 ② |104단계. 분수의 나눗셈 ③|105단계. (소수)÷(자연수)|106단계. 몫이 소수인 (자연수)÷(자연수)|107단계. 소수의 나눗셈 ①|108단계. 소수의 나눗셈 ②|109단계. 소수의 나눗셈 ③,2021-12-20
c06s0358526,최상위 초등수학S 6-1 (2024년용),편집부,16000,100,c06,s03,2000-01-01,2030-12-31,1,c06s03_8.jpg,디딤돌교육(학습),14400,10,교과서 개념 뿐만 아니라 심화 개념  이후 학년으로의 연계 개념까지 짚어 보고  해당 개념에 따른 문제를 풀어 봄으로써 심화학습의 기본기를 갖출 수 있게 하였다. ‘하나의 문장+이미지’를 통해 심화 문제 해결의 알고리즘과 핵심 개념을 직관적으로 느끼고  이해할 수 있게 한다.,9.79E+12,1. 분수의 나눗셈|2. 각기둥과 각뿔|3. 소수의 나눗셈|4. 비와 비율|5. 여러 가지 그래프|6. 직육면체의 부피와 겉넓이,2022-09-29
c06s0356675,최상위 초등수학 6-2 (2024년용),,16000,100,c06,s03,2000-01-01,2030-12-31,1,c06s03_9.jpg,디딤돌교육(학습),14400,10,진정한 상위권이 되기 위한 필독서입니다. 교과서 수준의 개념이 아닌 실전 개념  사고력 개념  이후 학습으로의 연결 개념들을 함께 다루어 아이들이 수학적 관점에서 해당 교과 내용을 이해할 수 있게 하였습니다.  또한 최상위 수준까지 끌어줄 수 있도록 문제의 난이도 선정 및 배치를 전략적으로 구성하여 누구든 상위권에 도전할 수 있도록 하였습니다.,9.79E+12,6-2|1. 분수의 나눗셈|2. 소수의 나눗셈|3. 공간과 입체|4. 비례식과 비례배분|5. 원의 넓이|6. 원기둥  원뿔  구,2022-02-20
c06s0337396,EBS 만점왕 수학 6-1 (2024년),EBS,15000,100,c06,s03,2000-01-01,2030-12-31,1,c06s03_10.jpg,한국교육방송공사,13500,10,진정한 상위권이 되기 위한 필독서입니다. 교과서 수준의 개념이 아닌 실전 개념  사고력 개념  이후 학습으로의 연결 개념들을 함께 다루어 아이들이 수학적 관점에서 해당 교과 내용을 이해할 수 있게 하였습니다.  또한 최상위 수준까지 끌어줄 수 있도록 문제의 난이도 선정 및 배치를 전략적으로 구성하여 누구든 상위권에 도전할 수 있도록 하였습니다.,9.79E+12,1. 분수의 나눗셈|2. 각기둥과 각뿔|3. 소수의 나눗셈|4. 비와 비율|5. 여러 가지 그래프|6. 직육면체의 부피와 겉넓이,2023-10-02
c08s0319090,체크체크 기출심화N제 수학 중2,해법수학연구회,15000,100,c08,s03,2000-01-01,2030-12-31,1,c08s03_1.jpg,천재교육,15000,0,"시험에 나올 수 있는 가장 어려운 문제까지 단계적으로 공략하는 심화 유형서입니다. 
최신 학교 기출 문제(교육 특구 및 시험 난이도가 높은 지역 문제)를 분석하여 만들었습니다.
보통 심화 교재에서 맛보기만 하고 지나가는 심화 유형을 반복 연습할 수 있도록 구성!!
중상위권 학생이 상위권이 되도록 연습이 가능한 학교 기출 수준으로 문제 구성!!
심화서를 처음 접하는 학생의 심화 입문서로  어려운 문제까지 시험 대비를 하고 싶은 학생의 시험 대비용으로 활용할 수 있습니다.     ",9.78E+12,유리수와 순환소수|식의 계산|일차부등식|일차함수와 그래프(1)|일차함수와 그래프(2)|일차함수와 일차방정식의 관계,2024-01-15
c09s0326062,체크체크 기출심화N제 수학 중3,해법수학연구회,15000,100,c09,s03,2000-01-01,2030-12-31,1,c09s03_1.jpg,천재교육,15000,0,"시험에 나올 수 있는 가장 어려운 문제까지 단계적으로 공략하는 심화 유형서입니다. 
최신 학교 기출 문제(교육 특구 및 시험 난이도가 높은 지역 문제)를 분석하여 만들었습니다.
보통 심화 교재에서 맛보기만 하고 지나가는 심화 유형을 반복 연습할 수 있도록 구성!!
중상위권 학생이 상위권이 되도록 연습이 가능한 학교 기출 수준으로 문제 구성!!
심화서를 처음 접하는 학생의 심화 입문서로  어려운 문제까지 시험 대비를 하고 싶은 학생의 시험 대비용으로 활용할 수 있습니다.         ",9.78E+12,제곱근과 실수|근호를 포함한 식의 계산|다항식의 곱셈|인수분해|이차방정식|이차함수|이차함수의 활용,2024-01-02
c07s0399990,올백 수학 기출문제집 중1 기말대비,편집부 외,10000,100,c07,s03,2000-01-01,2030-12-31,1,c07s03_1.jpg,천재교육,10000,0,"시험에 나오는 핵심 개념부터 까다로운 기출문제까지 완벽 분석
핵심 기출 문제부터 예상 문제  서술형 문제까지 완벽 대비",9.69E+12,평면도형|원과 부채꼴|입체도형|다면체와 회전체|입체도형의 겉넓이와 부피|자료|정리와 해석|도수분포표와 히스토그램|도수분포다각형과 상대도수,2024-02-02
c07s0289086,영어전략 어휘 중학1,편집부,15000,100,c07,s02,2000-01-01,2030-12-31,1,c07s02_1.jpg,천재교육,15000,0,중학교 영어 교과서의 중요 어휘를 하루 6쪽  주 4일  4주 완성으로 쉽고 빠르게 학습합니다. 다양한 유형의 학교 시험 문제를 담아 효과적인 내신 대비가 가능합니다. 시험 전에 핵심 어휘를 간편하게 복습할 수 있도록 개념BOOK 2권이 제공됩니다. ,9.58E+12,동사 1|명사|동사 2|형용사와 부사,2024-01-02
c08s0262231,영어전략 어휘 중학2,편집부,15000,100,c08,s02,2000-01-01,2030-12-31,1,c08s02_1.jpg,천재교육,15000,0,중학교 영어 교과서의 핵심 구문을 하루 6쪽  주 4일  4주 완성으로 쉽고 빠르게 정리합니다. 서술형 문제를 포함한 다양한 유형의 학교 시험 문제를 담아 효과적인 내신 대비가 가능합니다. 시험 전에 내신 필수 구문 개념을 간편하게 짚을 수 있도록 개념BOOK 2권이 제공됩니다. ,9.58E+12,동사 1|명사|동사 2|형용사와 부사,2024-01-02
c09s0250349,영어전략 어휘 중학3,편집부,15000,100,c09,s02,2000-01-01,2030-12-31,1,c09s02_1.jpg,천재교육,15000,0,중학교 영어 교과서의 핵심 구문을 하루 6쪽  주 4일  4주 완성으로 쉽고 빠르게 정리합니다. 서술형 문제를 포함한 다양한 유형의 학교 시험 문제를 담아 효과적인 내신 대비가 가능합니다. 시험 전에 내신 필수 구문 개념을 간편하게 짚을 수 있도록 개념BOOK 2권이 제공됩니다. ,9.48E+12,동사 1|명사|동사 2|형용사와 부사,2024-01-02
c09s0150672,중등 평가문제 국어3,노미숙,20000,100,c09,s01,2000-01-01,2030-12-31,1,c09s01_1.jpg,천재교육,20000,0,"중학교 국어 3-1 평가문제(대표저자 노미숙)
TOP으로 가는 지름길
다양한 유형별 문제로 실력 Test
시험 준비가 쉽고 빠른 5단계 학습
실전 모의고사 Page가 있는 시험 대비 문제집

? 2015 개정 교육과정에 맞춘 내신 대비 교재!
? 교과서 전 지문과 활동에 대한 핵심 내용 정리!
? 학교 시험에 꼭 나올 만한 다양한 문제 유형 제시!",9.59E+12,문학과 만나는 시간|우리가 만나는 세상|아름다운 우리말|세상을 여는 열쇠|시험 대비 문제집,2024-02-14
c08s0129426,중등 평가문제 국어2,노미숙,20000,100,c08,s01,2000-01-01,2030-12-31,1,c08s01_1.jpg,천재교육,20000,0,"중학교 국어 3-1 평가문제(대표저자 노미숙)
TOP으로 가는 지름길
다양한 유형별 문제로 실력 Test
시험 준비가 쉽고 빠른 5단계 학습
실전 모의고사 Page가 있는 시험 대비 문제집

? 2015 개정 교육과정에 맞춘 내신 대비 교재!
? 교과서 전 지문과 활동에 대한 핵심 내용 정리!
? 학교 시험에 꼭 나올 만한 다양한 문제 유형 제시!",9.68E+12,문학과 만나는 시간|우리가 만나는 세상|아름다운 우리말|세상을 여는 열쇠|시험 대비 문제집,2024-02-14
c07s0177020,중등 평가문제 국어2,노미숙,20000,100,c07,s01,2000-01-01,2030-12-31,1,c07s01_1.jpg,천재교육,20000,0,"중학교 국어 3-1 평가문제(대표저자 노미숙)
TOP으로 가는 지름길
다양한 유형별 문제로 실력 Test
시험 준비가 쉽고 빠른 5단계 학습
실전 모의고사 Page가 있는 시험 대비 문제집

? 2015 개정 교육과정에 맞춘 내신 대비 교재!
? 교과서 전 지문과 활동에 대한 핵심 내용 정리!
? 학교 시험에 꼭 나올 만한 다양한 문제 유형 제시!",9.46E+12,문학과 만나는 시간|우리가 만나는 세상|아름다운 우리말|세상을 여는 열쇠|시험 대비 문제집,2024-02-14
c07s0789526,과학전략 중학 1,김기훈,15000,100,c07,s07,2000-01-01,2030-12-31,1,c07s07_1.jpg,천재교육,15000,0,천재교육이 쌓아온 다년간의 빅데이터와 최신 기출 문제를 바탕으로  각 단원에서 알아야 할 중요 핵심과 출제율 높은 문제를 담아낸 과학 전략서이다. 출제율이 높은 문제와 관련된 핵심 개념을 중점적으로 다루어 학생들이 쉽게 기억할 수 있게 하였고  개념과 함께 문제를 배치하여 공부 효율을 높였다. 신유형  신경향 문제로 낯선 문제에도 당황하지 않을 수 있도록 하였으며  적중 예상 전략 문제로 학교 시험 문제에 착실히 대비할 수 있도록 하였다.,9.78E+12, 누구나 합격 전략|창의·융합·코딩 전략|중간고사 마무리 전략|신유형·신경향·서술형 전략|적중 예상 전략 1회|적중 예상 전략 2회,2024-02-14
c08s0733210,과학전략 중학 2,김기훈,15000,100,c08,s07,2000-01-01,2030-12-31,1,c08s07_1.jpg,천재교육,15000,0,천재교육이 쌓아온 다년간의 빅데이터와 최신 기출 문제를 바탕으로  각 단원에서 알아야 할 중요 핵심과 출제율 높은 문제를 담아낸 과학 전략서이다. 출제율이 높은 문제와 관련된 핵심 개념을 중점적으로 다루어 학생들이 쉽게 기억할 수 있게 하였고  개념과 함께 문제를 배치하여 공부 효율을 높였다. 신유형  신경향 문제로 낯선 문제에도 당황하지 않을 수 있도록 하였으며  적중 예상 전략 문제로 학교 시험 문제에 착실히 대비할 수 있도록 하였다.,9.87E+12, 누구나 합격 전략|창의·융합·코딩 전략|중간고사 마무리 전략|신유형·신경향·서술형 전략|적중 예상 전략 1회|적중 예상 전략 2회,2024-02-14
c08s0797731,과학전략 중학 3,김기훈,15000,100,c08,s07,2000-01-01,2030-12-31,1,c09s07_1.jpg,천재교육,15000,0,천재교육이 쌓아온 다년간의 빅데이터와 최신 기출 문제를 바탕으로  각 단원에서 알아야 할 중요 핵심과 출제율 높은 문제를 담아낸 과학 전략서이다. 출제율이 높은 문제와 관련된 핵심 개념을 중점적으로 다루어 학생들이 쉽게 기억할 수 있게 하였고  개념과 함께 문제를 배치하여 공부 효율을 높였다. 신유형  신경향 문제로 낯선 문제에도 당황하지 않을 수 있도록 하였으며  적중 예상 전략 문제로 학교 시험 문제에 착실히 대비할 수 있도록 하였다.,9.78E+12, 누구나 합격 전략|창의·융합·코딩 전략|중간고사 마무리 전략|신유형·신경향·서술형 전략|적중 예상 전략 1회|적중 예상 전략 2회,2024-02-14
c12s0116176,EBS 수능특강 국어영역 문학 (2024년),EBS,11500,100,c12,s01,2000-01-01,2030-12-31,1,c12s01_1.jpg,한국교육방송공사,11500,0,수능 연계교재 『수능특강』 2025학년도 수능 완벽 대비 최신 수능 경향을 충실히 반영한 2025학년도 수능 대비 종합 개념서  [EBS에서 준비한 수능특강 연계 완전 정복 커리큘럼] ,9.79E+12,1부 교과서 개념 학습|1강 시의 표현과 형식|2강 시의 내용|3강 소설의 서술상 특성|4강 소설의 내용 구성 요소|5강 극의 특성과 극 문학의 구성 요소|6강 교술 문학의 특성과 구성 요소|7강 작품의 작가 및 독자 맥락|8강 작품의 문학사적  상호 텍스트적 맥락|9강 작품의 사회·문화적  역사적 맥락,2024-01-16
c12s0195375,EBS 수능특강 국어영역 독서 (2024년),EBS,11500,100,c12,s01,2000-01-01,2030-12-31,1,c12s01_2.jpg,한국교육방송공사,11500,0,수능 연계교재 『수능특강』 2025학년도 수능 완벽 대비 최신 수능 경향을 충실히 반영한 2025학년도 수능 대비 종합 개념서  [EBS에서 준비한 수능특강 연계 완전 정복 커리큘럼],9.79E+12,교과서 개념 학습|1강 독서의 본질|2강 독서의 방법|3강 독서의 분야|4강 독서의 태도,2024-01-16
c12s0149128,EBS 수능특강 사용설명서 국어영역 문학 (2024년),EBS,17000,100,c12,s01,2000-01-01,2030-12-31,1,c12s01_3.jpg,한국교육방송공사,17000,0,선생님과 수험생을 위한 지문·자료 분석력 UP 프로젝트!  수능 연계교재 『수능특강 문학』에서 '무엇을 어떻게' 풀고 찾아야 할까?  수능특강을 가장 빠르고  바르게 공부하는 방법 공개!,9.79E+12,교과서 개념 학습|1강 독서의 본질|2강 독서의 방법|3강 독서의 분야|5강 독서의 태도,2024-01-28
c12s0158723,EBS 수능특강 국어영역 언어와 매체 (2024년),EBS,9200,100,c12,s01,2000-01-01,2030-12-31,1,c12s01_4.jpg,한국교육방송공사,9200,0,수능 연계교재 『수능특강』 2025학년도 수능 완벽 대비 최신 수능 경향을 충실히 반영한 2025학년도 수능 대비 종합 개념서  [EBS에서 준비한 수능특강 연계 완전 정복 커리큘럼],9.79E+12,교과서 개념 학습|1강 언어와 매체의 본질|2강 국어의 탐구와 활용,2024-01-16
c12s0198595,100발100중 EBS 수능특강 평가문제집 문학(상) (2024년),박주동,19000,100,c12,s01,2000-01-01,2030-12-31,1,c12s01_5.jpg,에듀원,19000,0,수능 국어의 연계 교재로 활용되고 있는 『EBS 수능특강-문학』에 수록된 작품을 체계적이고 온전하게 학습하기 위한 평가문제집이다.,9.79E+12,01 추일서정(김광균)|  02 백구야 놀라지 마라(김천택)/백초를 다 심어도(작자 미상)/개를 여남은이나 기르되(작자 미상)|  03 해산 바가지(박완서)|  04 눈을 쓸며 옥소선을 엿보다(임방)|  05 만선(천승세),2024-03-04
c12s0199474,EBS 수능특강 국어영역 화법과 작문 (2024년),EBS,9200,100,c12,s01,2000-01-01,2030-12-31,1,c12s01_6.jpg,한국교육방송공사,9200,0,수능 연계교재 『수능특강』 2025학년도 수능 완벽 대비 최신 수능 경향을 충실히 반영한 2025학년도 수능 대비 종합 개념서  [EBS에서 준비한 수능특강 연계 완전 정복 커리큘럼],9.79E+12,1강 화법과 작문의 본질과 태도|2강 화법의 원리|3강 작문의 원리,2024-01-16
c12s0196772,다담 언어와 매체 800제 (2024년),설승환,21500,100,c12,s01,2000-01-01,2030-12-31,1,c12s01_7.jpg,쏠티북스,21500,0,좋은 문제는 ‘다 담’았다! 수능/내신 완벽대비 문제풀며 개념까지 잡는 최강의 언어와 매체 문제집  국어 1등급이 되기 위해 반드시 알아야 할 ‘언어(국어문법)와 매체’ 필수 개념을 총정리하였다.,9.79E+12, |· 2025 매3비 공부 계획표 |· [국어 잘하는 법] 국어 영역  패턴을 알면 대안이 보인다! |· 매3 오답 노트  이렇게 만들어 사용하세요! (비문학편) |· 지문별 내용 및 난이도 보기|· 복습을 위한 ‘어휘 노트’ |· 자율 학습 체크리스트,2024-01-22
c12s0125293,매3비 매일 지문 3개씩 공부하는 비문학 독서 수능 기출 (2024년),안인숙,18000,100,c12,s01,2000-01-01,2030-12-31,1,c12s01_8.jpg,키출판사,18000,0,총 657문항 수록했다. 특별 부록! 언어 개념 정리 및 연습 문제를 수록했다. 해설에 지문과 문제가 그대로 나오는 첨삭해설 방식이다. 효율적인 학습을 위한 체계적인 문항을 배치했다. 쉽고 자세한 어휘 풀이 및 팁을 제공한다. 평가원 이의 신청 답변을 수록했다.,9.79E+12, |· 2025 매3비 공부 계획표 |· [국어 잘하는 법] 국어 영역  패턴을 알면 대안이 보인다! |· 매3 오답 노트  이렇게 만들어 사용하세요! (비문학편) |· 지문별 내용 및 난이도 보기|· 복습을 위한 ‘어휘 노트’ |· 자율 학습 체크리스트,2023-12-06
c12s0192491,2025 마더텅 수능기출문제집 국어 언어와 매체 (2024년),마더텅 편집부,17900,100,c12,s01,2000-01-01,2030-12-31,1,c12s01_9.jpg,마더텅,17900,0,총 657문항 수록했다. 특별 부록! 언어 개념 정리 및 연습 문제를 수록했다. 해설에 지문과 문제가 그대로 나오는 첨삭해설 방식이다. 효율적인 학습을 위한 체계적인 문항을 배치했다. 쉽고 자세한 어휘 풀이 및 팁을 제공한다. 평가원 이의 신청 답변을 수록했다.,9.79E+12,1) 음운|2) 단어|3) 문장|4) 단어의 의미|5) 어문 규정,2023-12-15
c12s0119517,100발 100중 EBS 수능특강 평가문제집 문학(하) (2024년),임재호,19000,100,c12,s01,2000-01-01,2030-12-31,1,c12s01_10.jpg,에듀원,19000,0,수능 국어의 연계 교재로 활용되고 있는 『EBS 수능특강-문학』에 수록된 작품을 체계적이고 온전하게 학습하기 위한 평가문제집이다. 교과서 개념 학습에서부터 실전 학습에 이르기까지 『EBS 수능특강-문학』에 수록된 모든 작품을 자습서 이상으로 상세히 분석하였고  내신과 수능에 꼭 나오는 출제 포인트를 단계별로 학습하도록 해 학생들이 내신과 수능 모두에 대비할 수 있도록 했다.,9.79E+12,01 만세전(김광균)|  02 만무방(김유정)|  03 명일(채만식)|  04 해방 전후(이태준)|  05 단독 강화(선우휘)|  06 서울 1964년 겨울(김승옥)|  07 날개 또는 수갑(윤흥길),2024-03-30
c12s0289181,EBS 수능특강 영어영역 영어 (2024년),EBS,11500,100,c12,s02,2000-01-01,2030-12-31,1,c12s02_1.jpg,한국교육방송공사,11500,0,수능 연계교재 『수능특강』 2025학년도 수능 완벽 대비 최신 수능 경향을 충실히 반영한 2025학년도 수능 대비 종합 개념서  [EBS에서 준비한 수능특강 연계 완전 정복 커리큘럼],9.79E+12,01. 글의 목적 파악|02. 심경·분위기 파악|03. 함축적 의미 파악|04. 요지 파악|05. 주장 파악|06. 주제 파악|07. 제목 파악|08. 도표 정보 파악|09. 내용 일치·불일치(설명문),2024-01-16
c12s0221563,EBS 수능특강 영어영역 영어독해연습 (2024년),EBS,11500,100,c12,s02,2000-01-01,2030-12-31,1,c12s02_2.jpg,한국교육방송공사,11500,0,수능 연계교재 『수능특강』 2025학년도 수능 완벽 대비 최신 수능 경향을 충실히 반영한 2025학년도 수능 대비 종합 개념서  [EBS에서 준비한 수능특강 연계 완전 정복 커리큘럼],9.79E+12,틀리기 쉬운 유형편|정답과 해설,2024-01-16
c12s0297081,100발100중 EBS 수능특강 평가문제집 영어(상) (2024년),100발100중 영어교육연구소,19000,100,c12,s02,2000-01-01,2030-12-31,1,c12s02_3.jpg,에듀원,19000,0,『100발100중 EBS 수능특강 평가문제집 - 영어(상)』은 교과서처럼 활용하고 있는 『EBS 수능특강』에 수록된 모든 지문의 중심 내용 파악과 이해를 도울 수 있도록 지문의 소재  요약문  단락 분석  핵심 문장  핵심 어구  핵심 어법을 ‘Analysis of the text’에 제시하였다.,9.79E+12,1. 어휘 목록Ι Word List|2. 지문 분석Ι Analysis of the text,2024-03-04
c12s0296275,2025 E 모든 변형문제 수능특강 영어 (2024년),권대현 권칠석 김종환 김하나 박광륜,19000,100,c12,s02,2000-01-01,2030-12-31,1,c12s02_4.jpg,도서출판공터,19000,0,2022학년까지 수능 직접 연계 8문제 모두 적중하였으며  내신 + 수능 끝까지 챙길 수 있는 교재이다.,9.79E+12,틀리기 쉬운 유형편|정답과 해설,2024-03-12
c12s0280356,고등 영어 단어 끝 고단끝,리딧 편집부,27000,100,c12,s02,2000-01-01,2030-12-31,1,c12s02_5.jpg,리딧,27000,0,영어 단어로 영원히 고통받는 수험생들을 위한 고통 해방 프로젝트 고단끝!  시중에 많고 많은 단어장이 있지만 단어로 인한 수험생의 고통을 해결해주진 못했다. 보고만 있어도 외워지는 고단끝은 여러분의 이러한 고통을 해방하기 위해 태어났다. 단어 암기가 힘들어서  단어 때문에 영어를 포기하고 싶은 학생들에게 확실한 솔루션이 되어줄 단어장이다.,9.79E+12,수능 필수 중학 단어|고등 영어 단어 끝,2018-12-04
c12s0299584,EBS 수능특강 영어영역 영어듣기 (2024년),EBS,11500,100,c12,s02,2000-01-01,2030-12-31,1,c12s02_6.jpg,한국교육방송공사,11500,0,수능 연계교재 『수능특강』 2025학년도 수능 완벽 대비 최신 수능 경향을 충실히 반영한 2025학년도 수능 대비 종합 개념서  [EBS에서 준비한 수능특강 연계 완전 정복 커리큘럼],9.79E+12,01강 목적|02강 주제|03강 관계|04강 그림 내용 일치|05강 할 일|06강 숫자 정보|07강 이유|08강 유형 심화Ⅰ|09강 언급 유무|10강 담화 내용 일치|11강 도표|12강 짧은 대화의 응답,2024-01-16
c12s0293787,2025 마더텅 수능기출문제집 영어 독해 (2024년),마더텅 편집부,19900,100,c12,s02,2000-01-01,2030-12-31,1,c12s02_7.jpg,마더텅,19900,0,수능·모의평가·학력평가에 자주 출제되는 유형을 철저히 분석하여 적용한 유형별 기출문제집이다. 총 653문항  2024 교육과정에 맞는 영어 독해 유형 수록했다.,9.79E+12,01 글의 목적 파악|02 심경·분위기 파악|03 필자의 주장|04 의미 추론 |05 요지 추론 |06 주제 추론|07 제목 추론 |08 도표의 이해 |09 내용 일치 파악 |10 안내문,2023-12-11
c12s0220043,EBSi 강의노트 영문법 Rose Lee의 Grammar Holic,Rose Lee,5000,100,c12,s02,2000-01-01,2030-12-31,1,c12s02_8.jpg,한국교육방송공사,5000,0,수능·모의평가·학력평가에 자주 출제되는 유형을 철저히 분석하여 적용한 유형별 기출문제집이다. 총 653문항  2024 교육과정에 맞는 영어 독해 유형 수록했다.,9.79E+12,1. 영문장 구조편 |2. 동사구조의 이해 |3. 주어 구조의 이해 |4. 다기능 구조의 이해 |5. 숨은 구조의 이해 |6. 문제-어법 적용 연습편 |7. 부록 |8. 정답 및 해설,2015-06-01
c12s0290430,100발100중 EBS 수능특강 평가문제집 영어(하) (2024년),100발100중 영어교육연구소,19000,100,c12,s02,2000-01-01,2030-12-31,1,c12s02_9.jpg,에듀원,19000,0,『100발100중 수능특강 평가문제집 - 영어(하)』는 교과서처럼 활용하고 있는 『EBS 수능특강』에 수록된 모든 지문의 중심 내용 파악과 이해를 도울 수 있도록 지문의 소재  요약문  단락 분석  핵심 문장  핵심 어구  핵심 어법을 ‘Analysis of the text’에 제시하였다.,9.79E+12,1. 영문장 구조편 |2. 동사구조의 이해 |3. 주어 구조의 이해 |4. 다기능 구조의 이해 |5. 숨은 구조의 이해 |6. 문제-어법 적용 연습편 |7. 부록 |8. 정답 및 해설,2024-03-10
c12s0251812,2025 수능대비 Xistory 자이스토리 영어 독해 실전 (2024년),김도원,21000,100,c12,s02,2000-01-01,2030-12-31,1,c12s02_10.jpg,수경출판사,21000,0,『100발100중 수능특강 평가문제집 - 영어(하)』는 교과서처럼 활용하고 있는 『EBS 수능특강』에 수록된 모든 지문의 중심 내용 파악과 이해를 도울 수 있도록 지문의 소재  요약문  단락 분석  핵심 문장  핵심 어구  핵심 어법을 ‘Analysis of the text’에 제시하였다.,9.79E+12,A 목적 찾기|B 심경의 이해|C 주장 찾기|D 밑줄 친 부분의 의미 찾기|E 요지 찾기|F 주제 찾기|G 제목 찾기|H 도표의 이해|I 내용 불일치|J 실용문의 이해|K 빈칸 완성하기,2023-12-01
c12s0394561,EBS 수능특강 수학영역 수학1 (2024년),EBS,7000,100,c12,s03,2000-01-01,2030-12-31,1,c12s03_1.jpg,한국교육방송공사,7000,0,수능 연계교재 『수능특강』 2025학년도 수능 완벽 대비 최신 수능 경향을 충실히 반영한 2025학년도 수능 대비 종합 개념서  [EBS에서 준비한 수능특강 연계 완전 정복 커리큘럼],9.79E+12,01. 지수와 로그|02. 지수함수와 로그함수|03. 삼각함수|04. 사인법칙과 코사인법칙|05. 등차수열과 등비수열|06. 수열의 합과 수학적 귀납법,2024-01-16
c12s0318625,EBS 수능특강 수학영역 수학2 (2024년),EBS,7000,100,c12,s03,2000-01-01,2030-12-31,1,c12s03_2.jpg,한국교육방송공사,7000,0,수능 연계교재 『수능특강』 2025학년도 수능 완벽 대비 최신 수능 경향을 충실히 반영한 2025학년도 수능 대비 종합 개념서  [EBS에서 준비한 수능특강 연계 완전 정복 커리큘럼],9.79E+12,01. 함수의 극한|02. 함수의 연속|03. 미분계수와 도함수|04. 도함수의 활용 ⑴|05. 도함수의 활용 ⑵|06. 부정적분과 정적분|07. 정적분의 활용,2024-01-16
c12s0350892,EBS 수능특강 수학영역 미적분 (2024년),EBS,7000,100,c12,s03,2000-01-01,2030-12-31,1,c12s03_3.jpg,한국교육방송공사,7000,0,수능 연계교재 『수능특강』 2025학년도 수능 완벽 대비 최신 수능 경향을 충실히 반영한 2025학년도 수능 대비 종합 개념서  [EBS에서 준비한 수능특강 연계 완전 정복 커리큘럼],9.79E+12,01. 수열의 극한|02. 급수|03. 여러 가지 함수의 미분 |04. 여러 가지 미분법|05. 도함수의 활용|06. 여러 가지 적분법|07. 정적분의 활용,2024-01-16
c12s0366367,EBS 수능특강 수학영역 확률과 통계 (2024년),EBS,6800,100,c12,s03,2000-01-01,2030-12-31,1,c12s03_4.jpg,한국교육방송공사,6800,0,수능 연계교재 『수능특강』 2025학년도 수능 완벽 대비 최신 수능 경향을 충실히 반영한 2025학년도 수능 대비 종합 개념서  [EBS에서 준비한 수능특강 연계 완전 정복 커리큘럼],9.79E+12,01. 여러 가지 순열|02. 중복조합과 이항정리|03. 확률의 뜻과 활용|04. 조건부확률|05. 이산확률변수의 확률분포|06. 연속확률변수의 확률분포|07. 통계적 추정,2024-01-16
c12s0342147,2025 수능대비 Xistory 자이스토리 고3 수학 1 (2024년),박소희,21500,100,c12,s03,2000-01-01,2030-12-31,1,c12s03_5.jpg,수경출판사,21500,0,수능 연계교재 『수능특강』 2025학년도 수능 완벽 대비 최신 수능 경향을 충실히 반영한 2025학년도 수능 대비 종합 개념서  [EBS에서 준비한 수능특강 연계 완전 정복 커리큘럼],9.79E+12,|A 지수|B 로그|C 지수함수와 로그함수|D 지수함수와 로그함수의 활용,2023-12-01
c11s0327585,Xistory 자이스토리 고2 수학1 (2024년),박소희,21000,100,c11,s03,2000-01-01,2030-12-31,1,c11s03_1.jpg,수경출판사,21000,0,최신 6개년 고2 학력평가 기출 전문항 수록했다. 최신 10개년 수능·평가원 고2 난이도 기출 문제로 수록했다. 내신 1등급 완성 - 단계별 기출 변형 서술형 문제가 있다. 최종 실력 점검을 위한 내신 + 수능 대비 단원별 모의고사가 있다.,9.79E+12,|A 지수|B 로그|C 지수함수와 로그함수|D 지수함수와 로그함수의 활용,2023-11-01
c11s0371753,신사고 쎈B 고등 수학 1 (2024년),홍범준 신사고수학콘텐츠연구회,15500,100,c11,s03,2000-01-01,2030-12-31,1,c11s03_2.jpg,좋은책신사고,15500,0,최신 6개년 고2 학력평가 기출 전문항 수록했다. 최신 10개년 수능·평가원 고2 난이도 기출 문제로 수록했다. 내신 1등급 완성 - 단계별 기출 변형 서술형 문제가 있다. 최종 실력 점검을 위한 내신 + 수능 대비 단원별 모의고사가 있다.,9.79E+12,|A 지수|B 로그|C 지수함수와 로그함수|D 지수함수와 로그함수의 활용,2023-11-13
c11s0397952,너기출 For 2025 수학 1 (2024년),이투스북 수학개발팀,14500,100,c11,s03,2000-01-01,2030-12-31,1,c11s03_3.jpg,이투스북,14500,0,최신 6개년 고2 학력평가 기출 전문항 수록했다. 최신 10개년 수능·평가원 고2 난이도 기출 문제로 수록했다. 내신 1등급 완성 - 단계별 기출 변형 서술형 문제가 있다. 최종 실력 점검을 위한 내신 + 수능 대비 단원별 모의고사가 있다.,9.79E+12,|A 지수|B 로그|C 지수함수와 로그함수|D 지수함수와 로그함수의 활용,2023-12-18
c11s0392969,땅우 N-1제 수학 1 기출확장 261문항,한상우 새이솔 수학2팀,14000,100,c11,s03,2000-01-01,2030-12-31,1,c11s03_4.jpg,모노크롬북스,14000,0,최신 6개년 고2 학력평가 기출 전문항 수록했다. 최신 10개년 수능·평가원 고2 난이도 기출 문제로 수록했다. 내신 1등급 완성 - 단계별 기출 변형 서술형 문제가 있다. 최종 실력 점검을 위한 내신 + 수능 대비 단원별 모의고사가 있다.,9.79E+12,|A 지수|B 로그|C 지수함수와 로그함수|D 지수함수와 로그함수의 활용,2023-12-14
c11s0382431,올림포스 전국연합학력평가 기출문제집 수학 1 (2024년),EBS,12000,100,c11,s03,2000-01-01,2030-12-31,1,c11s03_5.jpg,한국교육방송공사,12000,0,최신 6개년 고2 학력평가 기출 전문항 수록했다. 최신 10개년 수능·평가원 고2 난이도 기출 문제로 수록했다. 내신 1등급 완성 - 단계별 기출 변형 서술형 문제가 있다. 최종 실력 점검을 위한 내신 + 수능 대비 단원별 모의고사가 있다.,9.79E+12,|A 지수|B 로그|C 지수함수와 로그함수|D 지수함수와 로그함수의 활용,2023-10-23
c10s0111141,EBS 윤혜정의 개념의 나비효과 입문편 (2024년용),윤혜정,16500,100,c10,s01,2000-01-01,2030-12-31,1,c10s01_1.jpg,한국교육방송공사,16500,0,영역별로 알차게 정리하는 필수 국어 개념 입문서 시  소설  독서. 더도 말고 덜도 말고 딱 15강씩. 국어영역 No.1 윤혜정 선생님 직접 집필  강의  윤혜정 선생님의 음성 지원되는 듯한 친절한 설명과 함께 한 강에 두 번씩 '#오늘 꼭 알아야 하는 개념'으로 키우는 국어의 기초 체력! Step1 개념 Hi  Step2 개념 Quiz  Step 개념 Jump의 3단계 Step으로 시작하는 국어 개념 공부의 첫걸음을 내딛을 수 있다,9.78895E+12,01. Nice To Meet You  시!|02. 이미지 1|03. 이미지 2|04. 시어의 의미|05. 대비|06. 비유|07. 상징|08. 운율과 반복|09. 구성,2022-10-10
c10s0129773,예비 매3비 매일 지문 3개씩 푸는 비문학 독서 기출,안인숙,17000,100,c10,s01,2000-01-01,2030-12-31,1,c10s01_2.jpg,키출판사,17000,0,영역별로 알차게 정리하는 필수 국어 개념 입문서 시  소설  독서. 더도 말고 덜도 말고 딱 15강씩. 국어영역 No.1 윤혜정 선생님 직접 집필  강의  윤혜정 선생님의 음성 지원되는 듯한 친절한 설명과 함께 한 강에 두 번씩 '#오늘 꼭 알아야 하는 개념'으로 키우는 국어의 기초 체력! Step1 개념 Hi  Step2 개념 Quiz  Step 개념 Jump의 3단계 Step으로 시작하는 국어 개념 공부의 첫걸음을 내딛을 수 있다.,9.79117E+12,■ 『예비 매3비』를 효과적으로 공부하기 위한 십계명|■ 『예비 매3비』 공부 계획표|■ 학습 효과를 높여 주는 제대로 채점법|■ 아무리 강조해도 지나침이 없는 제대로 복습법|■ 국어 고득점을 위한 비문학 공부법|■ 비문학 매3 오답 노트|■ 비문학 실수 유형 Top 7,2023-06-15
c10s0161676,다담 언어와 매체 800제 (2024년),설승환,21500,100,c10,s01,2000-01-01,2030-12-31,1,c10s01_3.jpg,쏠티북스,21500,0,좋은 문제는 ‘다 담’았다! 수능/내신 완벽대비 문제풀며 개념까지 잡는 최강의 언어와 매체 문제집. 국어 1등급이 되기 위해 반드시 알아야 할 ‘언어(국어문법)와 매체’ 필수 개념을 총정리하였다. 20개년 수능·모의평가·교육청 문제 및 사관학교 문제를 집대성한 최고의 실전 대비 문제집이다. ,9.79119E+12,■ 『예비 매3비』를 효과적으로 공부하기 위한 십계명|■ 『예비 매3비』 공부 계획표|■ 학습 효과를 높여 주는 제대로 채점법|■ 아무리 강조해도 지나침이 없는 제대로 복습법|■ 국어 고득점을 위한 비문학 공부법|■ 비문학 매3 오답 노트|■ 비문학 실수 유형 Top 7,2024-01-22
c10s0110254,EBS 윤혜정의 개념의 나비효과 입문편 워크북 (2024년용),윤혜정,16500,100,c10,s01,2000-01-01,2030-12-31,1,c10s01_4.jpg,한국교육방송공사,16500,0,『윤혜정의 개념의 나비효과 입문편』과 찰떡 짝꿍 워크북 연습으로 반복하여 진짜 내 것이 되는 국어 개념 입문서  국어영역 No.1 윤혜정 선생님 직접 집필한 워크북이다. 『윤혜정의 개념의 나비효과 입문편』과 동일한 시 문학/소설 문학/비문학 각 15강 합본 구성으로  바로 옆에서 1:1 수업을 해 주는 것처럼 음성 지원되는 윤혜정 샘의 친절한 설명과 함께하는 문제 적용 연습을 할 수 있는 교재이다.,9.78895E+12,01. Nice To Meet You  시!|02. 이미지 1|03. 이미지 2|04. 시어의 의미|05. 대비|06. 비유|07. 상징|08. 운율과 반복|09. 구성,2022-10-10
c10s0198580,EBS 윤혜정의 개념의 나비효과 (2024년),윤혜정,18000,100,c10,s01,2000-01-01,2030-12-31,1,c10s01_5.jpg,한국교육방송공사,18000,0,내 꿈에 날개 달아 줄 만점 국어의 시작 EBS 국어영역 No.1 윤혜정의 개념의 나비효과 시리즈  2011년에 처음 태어나 10여 년 동안 Upgrade 되어 온 〈개념의 나비효과〉의 최신판!결코 변하지 않는 국어의 개념  반복해서 출제되는 국어 영역의 개념들을 윤혜정 선생님만의 친절한 팁과 노하우와 함께 꾹꾹 눌러 담은 교재입니다. 〈개념의 나비효과〉는 변화하는 수능 국어 영역의 출제 경향을 반영하여  새로운 출제 유형에도 흔들리지 않을 뿌리 깊은 국어 실력을 기를 수 있습니다.,9.78895E+12,01. Nice To Meet You  시!|02. 이미지 1|03. 이미지 2|04. 시어의 의미|05. 대비|06. 비유|07. 상징|08. 운율과 반복|09. 구성,2023-10-15
c10s0725188,완자 기출 PICK 통합과학 1266제 (2024년용),비상교육 편집부,18000,100,c10,s07,2000-01-01,2030-12-31,1,c10s07_1.jpg,비상교육,18000,0,전국의 기출문제를 분석하여 핵심 내용과 필수 문제를 빠짐없이 담았다. 기출문제를 빈틈없이 분석하여 빈출 자료와 보기 선지로 개념을 새롭게 정리하였으며  꼭 풀어봐야 할 필수 문제를 주제별로  난이도별로 구성하여 한눈에 핵심 문제를 파악할 수 있다. 서술형  최고 수준의 고난도 문제까지 한 번에 도전하여 내신 1등급을 완성한다.,9.79117E+12,01. 우주의 원소 분포와 빅뱅 우주론 |02. 빅뱅과 원소의 생성 |03. 별의 진화와 원소의 생성 |04. 태양계와 지구의 형성 |05. 원소와 주기율표,2020-09-01
c10s0795053,완자 고등 통합과학 (2024년용),비상교육 편집부,21000,100,c10,s07,2000-01-01,2030-12-31,1,c10s07_2.jpg,비상교육,21000,0,전국의 기출문제를 분석하여 핵심 내용과 필수 문제를 빠짐없이 담았다. 기출문제를 빈틈없이 분석하여 빈출 자료와 보기 선지로 개념을 새롭게 정리하였으며  꼭 풀어봐야 할 필수 문제를 주제별로  난이도별로 구성하여 한눈에 핵심 문제를 파악할 수 있다. 서술형  최고 수준의 고난도 문제까지 한 번에 도전하여 내신 1등급을 완성한다.,9.79117E+12,01. 우주의 원소 분포와 빅뱅 우주론 |02. 빅뱅과 원소의 생성 |03. 별의 진화와 원소의 생성 |04. 태양계와 지구의 형성 |05. 원소와 주기율표,2021-09-01
c10s0766431,오투 고등 통합과학 (2024년),비상교육 편집부,21000,100,c10,s07,2000-01-01,2030-12-31,1,c10s07_3.jpg,비상교육,21000,0,전국의 기출문제를 분석하여 핵심 내용과 필수 문제를 빠짐없이 담았다. 기출문제를 빈틈없이 분석하여 빈출 자료와 보기 선지로 개념을 새롭게 정리하였으며  꼭 풀어봐야 할 필수 문제를 주제별로  난이도별로 구성하여 한눈에 핵심 문제를 파악할 수 있다. 서술형  최고 수준의 고난도 문제까지 한 번에 도전하여 내신 2등급을 완성한다.,9.79117E+12,1. 원소와 주기율표,2023-09-01
c10s0780777,1등급 만들기 통합과학 900제 (2024년용),남종민,16000,100,c10,s07,2000-01-01,2030-12-31,1,c10s07_4.jpg,미래엔,16000,0,전국의 기출문제를 분석하여 핵심 내용과 필수 문제를 빠짐없이 담았다. 기출문제를 빈틈없이 분석하여 빈출 자료와 보기 선지로 개념을 새롭게 정리하였으며  꼭 풀어봐야 할 필수 문제를 주제별로  난이도별로 구성하여 한눈에 핵심 문제를 파악할 수 있다. 서술형  최고 수준의 고난도 문제까지 한 번에 도전하여 내신 3등급을 완성한다.,9.79116E+12,1. 원소와 주기율표,2020-10-05
c10s0729818,완자 고등 화학 1 (2024년용),조향숙,22000,100,c10,s07,2000-01-01,2030-12-31,1,c10s07_5.jpg,비상교육,22000,0,전국의 기출문제를 분석하여 핵심 내용과 필수 문제를 빠짐없이 담았다. 기출문제를 빈틈없이 분석하여 빈출 자료와 보기 선지로 개념을 새롭게 정리하였으며  꼭 풀어봐야 할 필수 문제를 주제별로  난이도별로 구성하여 한눈에 핵심 문제를 파악할 수 있다. 서술형  최고 수준의 고난도 문제까지 한 번에 도전하여 내신 4등급을 완성한다.,9.79117E+12,1. 원소와 주기율표,2022-11-01
c10s0764789,완자 고등 물리학 1 (2024년용),류상호,22000,100,c10,s07,2000-01-01,2030-12-31,1,c10s07_6.jpg,비상교육,22000,0,전국의 기출문제를 분석하여 핵심 내용과 필수 문제를 빠짐없이 담았다. 기출문제를 빈틈없이 분석하여 빈출 자료와 보기 선지로 개념을 새롭게 정리하였으며  꼭 풀어봐야 할 필수 문제를 주제별로  난이도별로 구성하여 한눈에 핵심 문제를 파악할 수 있다. 서술형  최고 수준의 고난도 문제까지 한 번에 도전하여 내신 5등급을 완성한다.,9.79117E+12,1. 원소와 주기율표,2022-10-26
c10s0713679,완자 고등 생명과학 1 (2024년용),김미경,22000,100,c10,s07,2000-01-01,2030-12-31,1,c10s07_7.jpg,비상교육,22000,0,전국의 기출문제를 분석하여 핵심 내용과 필수 문제를 빠짐없이 담았다. 기출문제를 빈틈없이 분석하여 빈출 자료와 보기 선지로 개념을 새롭게 정리하였으며  꼭 풀어봐야 할 필수 문제를 주제별로  난이도별로 구성하여 한눈에 핵심 문제를 파악할 수 있다. 서술형  최고 수준의 고난도 문제까지 한 번에 도전하여 내신 6등급을 완성한다.,9.79117E+12,1. 원소와 주기율표,2022-10-26
c10s0778609,자이스토리 통합과학 (2024년용),김재현 김성은 박선 장풍,19000,100,c10,s07,2000-01-01,2030-12-31,1,c10s07_8.jpg,수경출판사,19000,0,전국의 기출문제를 분석하여 핵심 내용과 필수 문제를 빠짐없이 담았다. 기출문제를 빈틈없이 분석하여 빈출 자료와 보기 선지로 개념을 새롭게 정리하였으며  꼭 풀어봐야 할 필수 문제를 주제별로  난이도별로 구성하여 한눈에 핵심 문제를 파악할 수 있다. 서술형  최고 수준의 고난도 문제까지 한 번에 도전하여 내신 7등급을 완성한다.,9.79116E+12,1. 원소와 주기율표,2020-08-25
c10s0725559,완자 고등 지구과학 1 (2024년용),진만식,22000,100,c10,s07,2000-01-01,2030-12-31,1,c10s07_9.jpg,비상교육,22000,0,전국의 기출문제를 분석하여 핵심 내용과 필수 문제를 빠짐없이 담았다. 기출문제를 빈틈없이 분석하여 빈출 자료와 보기 선지로 개념을 새롭게 정리하였으며  꼭 풀어봐야 할 필수 문제를 주제별로  난이도별로 구성하여 한눈에 핵심 문제를 파악할 수 있다. 서술형  최고 수준의 고난도 문제까지 한 번에 도전하여 내신 8등급을 완성한다.,9.79117E+12,1. 원소와 주기율표,2022-10-26
c10s0793431,리얼 오리지널 6월 학력평가 모의고사 + 기말고사 고1 전과목 (2024년),입시플라이 편집부,17000,100,c10,s07,2000-01-01,2030-12-31,1,c10s07_10.jpg,입시플라이,17000,0,전국의 기출문제를 분석하여 핵심 내용과 필수 문제를 빠짐없이 담았다. 기출문제를 빈틈없이 분석하여 빈출 자료와 보기 선지로 개념을 새롭게 정리하였으며  꼭 풀어봐야 할 필수 문제를 주제별로  난이도별로 구성하여 한눈에 핵심 문제를 파악할 수 있다. 서술형  최고 수준의 고난도 문제까지 한 번에 도전하여 내신 9등급을 완성한다.,9.78897E+12,1. 원소와 주기율표,2024-03-11
c10s0572135,1등급 만들기 한국사 1060제 (2024년용),강승호,15000,100,c10,s05,2000-01-01,2030-12-31,1,c10s05_1.jpg,미래엔,15000,0,『1등급 만들기 한국사』는 핵심 개념 정리와 다양한 유형의 기출 문제 분석으로 내신에 완벽하게 대비할 수 있는 다문항 문제집이다. 『1등급 만들기 한국사』는 교과서 핵심 개념을 필수 자료와 함께 정리하고  다양한 유형의 기출 문제를 분석  적용하여 익히면서 실력을 다질 수 있도록 구성하였으며  자세한 오답풀이로 문제 해결력을 기를 수 있도록 했다.,9.79116E+12,01 고대 국가의 지배 체제|02 고대 사회의 종교와 사상|03 고려의 통치 체제와 국제 질서의 변동|04 고려의 사회와 사상|05 조선 시대 세계관의 변화|06 양반 신분제 사회와 상품 화폐 경제,2020-10-05
c10s0553087,Xistory 자이스토리 내신 한국사 (2024년용),김완호,15500,100,c10,s05,2000-01-01,2030-12-31,1,c10s05_2.jpg,수경출판사,15500,0,『1등급 만들기 한국사』는 핵심 개념 정리와 다양한 유형의 기출 문제 분석으로 내신에 완벽하게 대비할 수 있는 다문항 문제집이다. 『2등급 만들기 한국사』는 교과서 핵심 개념을 필수 자료와 함께 정리하고  다양한 유형의 기출 문제를 분석  적용하여 익히면서 실력을 다질 수 있도록 구성하였으며  자세한 오답풀이로 문제 해결력을 기를 수 있도록 했다.,9.79116E+12,A 고대 국가의 지배 체제와 종교와 사상|B 고려의 통치 체제와 국제 질서의 변동  사회와 사상|C 조선 시대 세계관의 변화 및 양반 신분제 사회와 상품 화폐 경제,2019-12-20
c10s0595035,완자 기출 PICK 한국사 1005제 (2024년용),김완호,16000,100,c10,s05,2000-01-01,2030-12-31,1,c10s05_3.jpg,비상교육,16000,0,『1등급 만들기 한국사』는 핵심 개념 정리와 다양한 유형의 기출 문제 분석으로 내신에 완벽하게 대비할 수 있는 다문항 문제집이다. 『3등급 만들기 한국사』는 교과서 핵심 개념을 필수 자료와 함께 정리하고  다양한 유형의 기출 문제를 분석  적용하여 익히면서 실력을 다질 수 있도록 구성하였으며  자세한 오답풀이로 문제 해결력을 기를 수 있도록 했다.,9.79117E+12,01 고대 국가의 지배 체제|02 고대 사회의 종교와 사상|03 고려의 통치 체제와 국제 질서의 변동|04 고려의 사회와 사상|05 조선 시대 세계관의 변화|06 양반 신분제 사회와 상품 화폐 경제,2021-11-01
c10s0570212,리얼 오리지널 6월 학력평가 모의고사 + 기말고사 고1 전과목 (2024년),입시플라이 편집부,17000,100,c10,s05,2000-01-01,2030-12-31,1,c10s05_4.jpg,입시플라이,17000,0,『1등급 만들기 한국사』는 핵심 개념 정리와 다양한 유형의 기출 문제 분석으로 내신에 완벽하게 대비할 수 있는 다문항 문제집이다. 『4등급 만들기 한국사』는 교과서 핵심 개념을 필수 자료와 함께 정리하고  다양한 유형의 기출 문제를 분석  적용하여 익히면서 실력을 다질 수 있도록 구성하였으며  자세한 오답풀이로 문제 해결력을 기를 수 있도록 했다.,9.78897E+12,A 고대 국가의 지배 체제와 종교와 사상|B 고려의 통치 체제와 국제 질서의 변동  사회와 사상|C 조선 시대 세계관의 변화 및 양반 신분제 사회와 상품 화폐 경제,2024-03-11
c10s0546941,메가스터디 N제 고1 한국사 1200제 (2024년용),메가스터디 수능연구회,16000,100,c10,s05,2000-01-01,2030-12-31,1,c10s05_5.jpg,메가스터디북스,16000,0,『1등급 만들기 한국사』는 핵심 개념 정리와 다양한 유형의 기출 문제 분석으로 내신에 완벽하게 대비할 수 있는 다문항 문제집이다. 『5등급 만들기 한국사』는 교과서 핵심 개념을 필수 자료와 함께 정리하고  다양한 유형의 기출 문제를 분석  적용하여 익히면서 실력을 다질 수 있도록 구성하였으며  자세한 오답풀이로 문제 해결력을 기를 수 있도록 했다.,9.79113E+12,A 고대 국가의 지배 체제와 종교와 사상|B 고려의 통치 체제와 국제 질서의 변동  사회와 사상|C 조선 시대 세계관의 변화 및 양반 신분제 사회와 상품 화폐 경제,2021-11-05
c10s0532349,한끝 고등 한국사 (2024년용),김태훈,19000,100,c10,s05,2000-01-01,2030-12-31,1,c10s05_6.jpg,비상교육,19000,0,『1등급 만들기 한국사』는 핵심 개념 정리와 다양한 유형의 기출 문제 분석으로 내신에 완벽하게 대비할 수 있는 다문항 문제집이다. 『6등급 만들기 한국사』는 교과서 핵심 개념을 필수 자료와 함께 정리하고  다양한 유형의 기출 문제를 분석  적용하여 익히면서 실력을 다질 수 있도록 구성하였으며  자세한 오답풀이로 문제 해결력을 기를 수 있도록 했다.,9.79116E+12,"Ⅰ. 전근대 한국사의 이해|Ⅱ. 근대 국민 국가 수립 운동|Ⅲ. 일제 식민지 지배와 민족 운동의 전개|Ⅳ. 대한민국의 발전                        
                    Ⅰ. 전근대 한국사의 이해Ⅱ. 근대 국민 국가 수립 운동Ⅲ. 일제 식민지 지배와 민족 운동의 전개Ⅳ. 대한민국의 발전",2019-12-01
c10s0559712,올쏘 고등 한국사 (2024년용),김태훈,17000,100,c10,s05,2000-01-01,2030-12-31,1,c10s05_7.jpg,동아출판,17000,0,『1등급 만들기 한국사』는 핵심 개념 정리와 다양한 유형의 기출 문제 분석으로 내신에 완벽하게 대비할 수 있는 다문항 문제집이다. 『7등급 만들기 한국사』는 교과서 핵심 개념을 필수 자료와 함께 정리하고  다양한 유형의 기출 문제를 분석  적용하여 익히면서 실력을 다질 수 있도록 구성하였으며  자세한 오답풀이로 문제 해결력을 기를 수 있도록 했다.,9.7889E+12,A 고대 국가의 지배 체제와 종교와 사상|B 고려의 통치 체제와 국제 질서의 변동  사회와 사상|C 조선 시대 세계관의 변화 및 양반 신분제 사회와 상품 화폐 경제,2020-11-10
c10s0557367,고등 셀파 한국사 (2024년용),박귀미 곽영주 김준우 권승만,20000,100,c10,s05,2000-01-01,2030-12-31,1,c10s05_8.jpg,천재교육,20000,0,『1등급 만들기 한국사』는 핵심 개념 정리와 다양한 유형의 기출 문제 분석으로 내신에 완벽하게 대비할 수 있는 다문항 문제집이다. 『8등급 만들기 한국사』는 교과서 핵심 개념을 필수 자료와 함께 정리하고  다양한 유형의 기출 문제를 분석  적용하여 익히면서 실력을 다질 수 있도록 구성하였으며  자세한 오답풀이로 문제 해결력을 기를 수 있도록 했다.,9.79113E+12,A 고대 국가의 지배 체제와 종교와 사상|B 고려의 통치 체제와 국제 질서의 변동  사회와 사상|C 조선 시대 세계관의 변화 및 양반 신분제 사회와 상품 화폐 경제,2019-11-01
c10s0584425,생강 국사 1 정치편,최태성 해뜰날,15000,100,c10,s05,2000-01-01,2030-12-31,1,c10s05_9.jpg,스터디하우스,15000,0,『1등급 만들기 한국사』는 핵심 개념 정리와 다양한 유형의 기출 문제 분석으로 내신에 완벽하게 대비할 수 있는 다문항 문제집이다. 『9등급 만들기 한국사』는 교과서 핵심 개념을 필수 자료와 함께 정리하고  다양한 유형의 기출 문제를 분석  적용하여 익히면서 실력을 다질 수 있도록 구성하였으며  자세한 오답풀이로 문제 해결력을 기를 수 있도록 했다.,9.789E+12,A 고대 국가의 지배 체제와 종교와 사상|B 고려의 통치 체제와 국제 질서의 변동  사회와 사상|C 조선 시대 세계관의 변화 및 양반 신분제 사회와 상품 화폐 경제,2007-10-20
c10s0576212,올쏘 내신강자 고등 한국사 (2024년용),강승호,13000,100,c10,s05,2000-01-01,2030-12-31,1,c10s05_10.jpg,동아출판,13000,0,『1등급 만들기 한국사』는 핵심 개념 정리와 다양한 유형의 기출 문제 분석으로 내신에 완벽하게 대비할 수 있는 다문항 문제집이다. 『10등급 만들기 한국사』는 교과서 핵심 개념을 필수 자료와 함께 정리하고  다양한 유형의 기출 문제를 분석  적용하여 익히면서 실력을 다질 수 있도록 구성하였으며  자세한 오답풀이로 문제 해결력을 기를 수 있도록 했다.,9.7889E+12,A 고대 국가의 지배 체제와 종교와 사상|B 고려의 통치 체제와 국제 질서의 변동  사회와 사상|C 조선 시대 세계관의 변화 및 양반 신분제 사회와 상품 화폐 경제,2019-12-10
